loss,acc,recall,precision,f1Score,batch
0.6573228120803833,0.9054406642913818,0.9054406642913818,0.9054407000541687,0.9054406881332397,5
0.4836755692958832,1.0027817249298097,1.0027817249298097,1.0027817249298097,1.0027817130088805,11
0.5004812180995941,0.9698811054229737,0.9698811054229737,0.9698811054229737,0.9698811054229737,17
0.41686680912971497,1.0172263622283935,1.0172263622283935,1.0172263622283935,1.0172263503074646,23
0.40446717143058775,0.9946718692779541,0.9946718692779541,0.9946718692779541,0.9946718573570251,29
0.3599939733743668,0.9989861011505127,0.9989861011505127,0.9989861011505127,0.9989861130714417,35
0.34127811193466184,0.9936270236968994,0.9936270236968994,0.9936270236968994,0.9936269998550415,41
0.3170390099287033,1.006999921798706,1.0069998741149901,1.006999909877777,1.0069998979568482,47
0.28072134256362913,1.0884719371795655,1.0884719371795655,1.0884719848632813,1.0884719610214233,53
0.24959275722503663,1.1055553436279297,1.105555248260498,1.1055553913116456,1.1055553197860717,59
0.24274613261222838,1.1153479099273682,1.1153479099273682,1.1153479099273682,1.1153479099273682,65
0.2587354570627213,1.1099013805389404,1.1099013805389404,1.1099013805389404,1.1099013686180115,71
0.21969555020332338,1.122888994216919,1.122888994216919,1.122888994216919,1.122888994216919,77
0.2039797157049179,1.1214319705963134,1.1214319705963134,1.1214319705963134,1.1214319825172425,83
0.23713420927524567,1.099530076980591,1.099530076980591,1.099530076980591,1.0995300889015198,89
0.21352497041225432,1.1169141769409179,1.1169141769409179,1.1169141769409179,1.116914165019989,95
0.2038685441017151,1.11545786857605,1.11545786857605,1.1154579639434814,1.1154579162597655,101
0.2169984757900238,1.1139731407165527,1.1139731407165527,1.1139731407165527,1.1139731526374816,107
0.20644620656967164,1.1172619342803956,1.1172619342803956,1.1172619342803956,1.1172619223594666,113
0.2106194466352463,1.1117791175842284,1.1117791175842284,1.1117791175842284,1.1117791295051576,119
0.20404793620109557,1.112732458114624,1.112732458114624,1.112732458114624,1.112732458114624,125
0.22672354578971862,1.1042178630828858,1.1042178630828858,1.1042178630828858,1.1042178630828858,131
0.20399787425994872,1.1117751121520996,1.1117751121520996,1.1117752075195313,1.1117751479148865,137
0.19587254226207734,1.1145721435546876,1.1145721435546876,1.1145721435546876,1.1145721435546876,143
0.16977991461753844,1.1338451862335206,1.1338451862335206,1.1338451862335206,1.1338451862335206,149
0.18723251819610595,1.1160110473632812,1.1160109996795655,1.1160110473632812,1.1160110235214233,155
0.17554753124713898,1.1300050258636474,1.1300050258636474,1.1300050258636474,1.1300050258636474,161
0.19949073791503907,1.1175424575805664,1.1175424575805664,1.1175425052642822,1.1175424814224244,167
0.2073890447616577,1.1184589862823486,1.1184589862823486,1.1184589862823486,1.1184589743614197,173
0.1689664289355278,1.131849431991577,1.131849431991577,1.131849431991577,1.131849431991577,179
0.16578155606985093,1.1313969135284423,1.1313969135284423,1.1313969612121582,1.1313969373703003,185
0.1704925924539566,1.1302867889404298,1.1302867889404298,1.1302867889404298,1.1302867889404298,191
0.16110302358865738,1.1339162349700929,1.1339162349700929,1.1339162349700929,1.1339162349700929,197
0.1746768057346344,1.128791046142578,1.128791046142578,1.128791046142578,1.128791046142578,203
0.17449138462543487,1.1265321254730225,1.1265321254730225,1.1265321254730225,1.1265321254730225,209
0.18297810852527618,1.1207757472991944,1.1207757472991944,1.1207757472991944,1.1207757472991944,215
0.17195115387439727,1.129295015335083,1.129295015335083,1.129295015335083,1.129295015335083,221
0.14659473299980164,1.1387366771697998,1.1387366771697998,1.1387366771697998,1.1387366890907287,227
0.16051468551158904,1.132961130142212,1.132961130142212,1.132961130142212,1.132961130142212,233
0.1903618723154068,1.1190823078155518,1.1190823078155518,1.1190823078155518,1.1190823078155518,239
0.19362277388572693,1.1216710567474366,1.1216710567474366,1.1216710567474366,1.1216710567474366,245
0.17371507585048676,1.1301937103271484,1.1301937103271484,1.1301937103271484,1.1301937103271484,251
0.19414972513914108,1.1196649074554443,1.1196649074554443,1.1196649074554443,1.1196649193763732,257
0.1916167199611664,1.1174594402313232,1.1174594402313232,1.1174594402313232,1.1174594283103942,263
0.18918330669403077,1.1227495670318604,1.1227495670318604,1.1227496147155762,1.1227495908737182,269
0.1955612063407898,1.1187745094299317,1.1187745094299317,1.1187745094299317,1.1187745094299317,275
0.2122597575187683,1.1070740222930908,1.1070740222930908,1.1070740222930908,1.107074010372162,281
0.20886201560497283,1.10872540473938,1.10872540473938,1.10872540473938,1.1087254166603089,287
0.19342150390148163,1.119288444519043,1.119288444519043,1.119288444519043,1.1192884564399719,293
0.20492176711559296,1.112723207473755,1.112723207473755,1.1127232551574706,1.1127232313156128,299
0.20420802235603333,1.1132553577423097,1.1132553577423097,1.1132554054260253,1.1132553935050964,305
0.17783325612545015,1.1239161014556884,1.1239161014556884,1.1239161014556884,1.1239161014556884,311
0.1778350681066513,1.117653751373291,1.117653751373291,1.1176537990570068,1.117653775215149,317
0.20009592771530152,1.1047480583190918,1.1047480583190918,1.1047480583190918,1.1047480583190918,323
0.2365421772003174,1.0961272716522217,1.0961272716522217,1.0961272716522217,1.0961272716522217,329
0.23643503189086915,1.0941128730773926,1.0941128730773926,1.0941128730773926,1.0941128730773926,335
0.23270268738269806,1.0964372634887696,1.0964372634887696,1.0964372634887696,1.0964372634887696,341
0.20677098333835603,1.1096073627471923,1.1096073627471923,1.1096073627471923,1.1096073627471923,347
0.22234142422676087,1.103816556930542,1.103816556930542,1.103816556930542,1.103816568851471,353
0.23999263644218444,1.093182373046875,1.093182373046875,1.093182373046875,1.093182373046875,359
0.2210300475358963,1.1029857635498046,1.1029857635498046,1.1029857635498046,1.1029857516288757,365
0.19996270835399627,1.1120076656341553,1.1120076656341553,1.1120076656341553,1.1120076537132264,371
0.21145374476909637,1.1076014041900635,1.1076014041900635,1.1076014041900635,1.1076014041900635,377
0.19682878851890565,1.1118422031402588,1.1118422031402588,1.1118422031402588,1.1118422031402588,383
0.20514854788780212,1.1136733055114747,1.1136733055114747,1.1136733055114747,1.1136732935905456,389
0.20868321359157563,1.1085381507873535,1.1085381507873535,1.1085381507873535,1.1085381627082824,395
0.17754609435796737,1.1248759746551513,1.1248759746551513,1.1248759746551513,1.1248759746551513,401
0.1643490582704544,1.1296148777008057,1.1296148777008057,1.1296148777008057,1.1296148896217346,407
0.16282666623592376,1.1304133892059327,1.1304133892059327,1.1304133892059327,1.1304133892059327,413
0.15669509321451186,1.1361992835998536,1.1361992835998536,1.1361992835998536,1.1361992835998536,419
0.15174845606088638,1.135175848007202,1.1351758003234864,1.135175848007202,1.1351758122444153,425
0.17335935235023497,1.1265590190887451,1.1265590190887451,1.1265590190887451,1.1265590190887451,431
0.16244856715202333,1.1300967693328858,1.1300967693328858,1.1300967693328858,1.1300967693328858,437
0.15372005403041838,1.1361966133117676,1.1361966133117676,1.1361966133117676,1.1361966133117676,443
0.16601187586784363,1.1301442623138427,1.1301442623138427,1.1301442623138427,1.1301442623138427,449
0.1474918931722641,1.1390267848968505,1.1390267848968505,1.1390267848968505,1.1390267729759216,455
0.15170639008283615,1.1347500801086425,1.1347500801086425,1.1347501277923584,1.1347501039505006,461
0.1378052443265915,1.1408605098724365,1.1408604621887206,1.1408605098724365,1.1408604741096497,467
0.16035288274288179,1.1323578357696533,1.1323578357696533,1.1323578834533692,1.1323578596115111,473
0.16182511895895005,1.1300337314605713,1.1300337314605713,1.1300337314605713,1.1300337314605713,479
0.15301522463560105,1.1334478855133057,1.1334478855133057,1.1334478855133057,1.1334478855133057,485
0.15688137710094452,1.1310200214385986,1.1310200214385986,1.1310200214385986,1.1310200214385986,491
0.16299452781677246,1.1284926414489747,1.1284926414489747,1.1284926414489747,1.1284926414489747,497
0.17377798855304719,1.1228784561157226,1.1228784561157226,1.1228784561157226,1.1228784561157226,503
0.14632740765810012,1.1362297058105468,1.1362297058105468,1.1362297058105468,1.1362297177314757,509
0.16528276801109315,1.1259716510772706,1.1259716510772706,1.1259716510772706,1.1259716510772706,515
0.16779377162456513,1.1276207447052002,1.1276207447052002,1.1276207447052002,1.1276207447052002,521
0.15883429050445558,1.1311594009399415,1.1311594009399415,1.1311594009399415,1.1311594009399415,527
0.16344817280769347,1.1287501811981202,1.1287501811981202,1.1287501811981202,1.128750169277191,533
0.14542941749095917,1.1379734516143798,1.1379734516143798,1.1379734516143798,1.1379734516143798,539
0.1321471557021141,1.144359827041626,1.144359827041626,1.144359827041626,1.144359827041626,545
0.13778913021087646,1.1389316082000733,1.1389316082000733,1.1389316082000733,1.1389316082000733,551
0.17468059360980986,1.1199584007263184,1.1199584007263184,1.1199584007263184,1.1199584007263184,557
0.1829937219619751,1.1172867298126221,1.1172867298126221,1.117286777496338,1.11728675365448,563
0.18358838856220244,1.1154497146606446,1.1154497146606446,1.1154497146606446,1.1154496908187865,569
0.17889709770679474,1.1163565635681152,1.1163565635681152,1.1163565635681152,1.1163565635681152,575
0.16562616229057311,1.125344705581665,1.1253446102142335,1.125344705581665,1.1253446578979491,581
0.1733228325843811,1.1200860023498536,1.1200860023498536,1.1200860023498536,1.1200860023498536,587
0.18463154286146163,1.1153178691864014,1.1153178215026855,1.1153178691864014,1.1153178453445434,593
0.17314060926437377,1.1207681179046631,1.1207680702209473,1.1207681179046631,1.120768094062805,599
0.18904283195734023,1.112662410736084,1.112662410736084,1.112662410736084,1.112662410736084,605
0.16578232496976852,1.1226728916168214,1.1226728916168214,1.1226728916168214,1.1226728916168214,611
0.1856013298034668,1.1139187812805176,1.1139187812805176,1.1139187812805176,1.1139187693595887,617
0.1621666967868805,1.1277273654937745,1.1277273654937745,1.1277273654937745,1.1277273654937745,623
0.17911999225616454,1.1181674957275392,1.1181674480438233,1.1181674957275392,1.11816748380661,629
0.16238357573747636,1.1298067092895507,1.1298066616058349,1.1298067092895507,1.129806685447693,635
0.17274354100227357,1.1255101680755615,1.1255101680755615,1.1255101680755615,1.1255101561546326,641
0.14645536839962006,1.1383307456970215,1.1383307456970215,1.1383307456970215,1.1383307337760926,647
0.15612264573574067,1.1338563919067384,1.1338563919067384,1.1338563919067384,1.1338563919067384,653
0.15329833775758744,1.1339284420013427,1.1339283466339112,1.1339284420013427,1.133928394317627,659
0.16409046053886414,1.1308789730072022,1.1308789730072022,1.1308789730072022,1.1308789730072022,665
0.16128485202789306,1.1283415794372558,1.1283415794372558,1.1283415794372558,1.1283415675163269,671
0.1494342043995857,1.1351358413696289,1.1351358413696289,1.1351358413696289,1.1351358413696289,677
0.1851695343852043,1.1169209480285645,1.1169209480285645,1.1169209480285645,1.1169209718704223,683
0.1855842724442482,1.1222283840179443,1.1222283840179443,1.1222283840179443,1.1222283840179443,689
0.18022000938653945,1.121507215499878,1.121507215499878,1.121507215499878,1.121507203578949,695
0.16711221933364867,1.1285079956054687,1.1285079956054687,1.1285079956054687,1.1285079956054687,701
0.1510726734995842,1.1356868267059326,1.1356868267059326,1.1356868743896484,1.1356868624687195,707
0.19078605771064758,1.1124663829803467,1.1124663829803467,1.1124663829803467,1.1124663829803467,713
0.17545438706874847,1.1228846073150636,1.1228846073150636,1.1228846549987792,1.1228846311569214,719
0.18853082358837128,1.1168511390686036,1.1168511390686036,1.1168511390686036,1.1168511390686036,725
0.183421391248703,1.1180149555206298,1.1180149555206298,1.1180149555206298,1.1180149555206298,731
0.18550850152969361,1.119295358657837,1.119295358657837,1.1192954063415528,1.1192953824996947,737
0.17168064415454865,1.1252770900726319,1.1252770900726319,1.1252770900726319,1.1252771019935608,743
0.17255031168460847,1.125700092315674,1.125700044631958,1.125700092315674,1.1257000684738159,749
0.18609493374824523,1.1179129600524902,1.1179129600524902,1.117913007736206,1.1179129958152771,755
0.17896660566329955,1.1197802066802978,1.1197802066802978,1.1197802066802978,1.1197802066802978,761
0.19030532240867615,1.116600227355957,1.116600227355957,1.116600227355957,1.116600227355957,767
0.17381649911403657,1.1259048461914063,1.1259048461914063,1.1259048461914063,1.1259048461914063,773
0.16825565695762634,1.1264243125915527,1.1264243125915527,1.1264243125915527,1.1264243125915527,779
0.17679295241832732,1.1229783058166505,1.1229783058166505,1.1229783058166505,1.1229783058166505,785
0.17763130366802216,1.1218273162841796,1.1218273162841796,1.1218273162841796,1.1218273162841796,791
0.18398666977882386,1.1220356941223144,1.1220356941223144,1.1220356941223144,1.1220356941223144,797
0.18157082051038742,1.1227689266204834,1.1227689266204834,1.1227689266204834,1.1227689266204834,803
0.1853322207927704,1.117803144454956,1.117803144454956,1.117803144454956,1.1178031325340272,809
0.18114846348762512,1.1182958126068114,1.1182958126068114,1.1182958602905273,1.1182958364486695,815
0.18937298357486726,1.1151638984680177,1.1151638984680177,1.1151638984680177,1.1151638984680177,821
0.16074992418289186,1.1282161712646483,1.1282161712646483,1.1282161712646483,1.1282161712646483,827
0.18364239037036895,1.1185088157653809,1.1185088157653809,1.1185088157653809,1.1185088157653809,833
0.18554231524467468,1.1162391662597657,1.1162391662597657,1.1162391662597657,1.1162391543388366,839
0.2175375521183014,1.1004186153411866,1.1004186153411866,1.1004186153411866,1.1004186153411866,845
0.17781623601913452,1.116999578475952,1.116999578475952,1.116999578475952,1.116999578475952,851
0.18623657524585724,1.1197611808776855,1.1197611808776855,1.1197611808776855,1.1197611808776855,857
0.16420528739690782,1.1298201560974122,1.1298201560974122,1.1298201560974122,1.1298201560974122,863
0.16959080696105958,1.1264065742492675,1.1264065742492675,1.1264065742492675,1.1264065742492675,869
0.17313457131385804,1.126598882675171,1.126598882675171,1.126598882675171,1.126598882675171,875
0.18394017815589905,1.1183040142059326,1.1183040142059326,1.1183040142059326,1.1183040142059326,881
0.16894251704216004,1.1276351928710937,1.1276351928710937,1.1276351928710937,1.1276351809501648,887
0.1781545415520668,1.1241233348846436,1.1241233348846436,1.1241233348846436,1.1241233348846436,893
0.1657312825322151,1.1290302276611328,1.1290302276611328,1.1290302276611328,1.129030215740204,899
0.16848956197500228,1.1259220600128175,1.1259220600128175,1.1259220600128175,1.1259220480918883,905
0.1711955338716507,1.1252617359161377,1.1252617359161377,1.1252617359161377,1.1252617359161377,911
0.17000325322151183,1.126703405380249,1.126703405380249,1.126703405380249,1.126703417301178,917
0.17902115285396575,1.1256878852844239,1.1256878852844239,1.1256878852844239,1.1256878852844239,923
0.15385235399007796,1.1326947212219238,1.1326947212219238,1.1326947212219238,1.1326947212219238,929
0.16859658658504487,1.1271212100982666,1.1271212100982666,1.1271212100982666,1.1271211981773377,935
0.17346387803554536,1.1235929489135743,1.1235929489135743,1.1235929489135743,1.1235929489135743,941
0.18521240800619126,1.1158218383789062,1.1158218383789062,1.1158218383789062,1.1158218264579773,947
0.19731344580650328,1.1088541507720948,1.1088541507720948,1.1088541507720948,1.1088541507720948,953
0.19228287935256957,1.1113624095916748,1.1113624095916748,1.1113624095916748,1.111362385749817,959
0.18295551240444183,1.116080904006958,1.116080904006958,1.116080904006958,1.116080904006958,965
0.19396822452545165,1.1117828845977784,1.1117828845977784,1.1117828845977784,1.1117828965187073,971
0.19449418485164643,1.1102335929870606,1.1102335929870606,1.1102335929870606,1.1102336049079895,977
0.20727762579917908,1.1020072937011718,1.1020072460174561,1.1020073413848877,1.1020072817802429,983
0.17145979255437852,1.1224657535552978,1.1224657535552978,1.1224657535552978,1.1224657535552978,989
0.1912785977125168,1.1091344833374024,1.1091344833374024,1.1091345310211183,1.1091344952583313,995
0.19702788591384887,1.1075889587402343,1.1075889587402343,1.1075889587402343,1.1075889587402343,1001
0.1749560922384262,1.1191526412963868,1.1191526412963868,1.1191526412963868,1.1191526412963868,1007
0.1934822291135788,1.1132630825042724,1.1132630825042724,1.1132630825042724,1.1132630705833435,1013
0.17271866500377656,1.121171760559082,1.121171760559082,1.121171760559082,1.121171760559082,1019
0.18149388134479522,1.120214033126831,1.120214033126831,1.120214033126831,1.120214033126831,1025
0.1772930681705475,1.122915554046631,1.122915554046631,1.122915554046631,1.1229155659675598,1031
0.15753332376480103,1.1324101448059083,1.1324101448059083,1.132410192489624,1.1324101686477661,1037
0.16743426620960236,1.1267322063446046,1.1267322063446046,1.1267322063446046,1.1267322063446046,1043
0.1700589194893837,1.1256532669067383,1.1256532669067383,1.1256532669067383,1.1256532669067383,1049
0.15124116837978363,1.1331291198730469,1.1331291198730469,1.1331291198730469,1.1331291198730469,1055
0.13958337157964706,1.1389803409576416,1.1389803409576416,1.1389803409576416,1.1389803528785705,1061
0.18069014549255372,1.1195799827575683,1.1195799827575683,1.1195799827575683,1.1195799827575683,1067
0.15989279448986055,1.128737783432007,1.128737783432007,1.128737783432007,1.128737783432007,1073
0.1603023052215576,1.1284657001495362,1.1284656524658203,1.128465747833252,1.1284656882286073,1079
0.16124772429466247,1.1288851261138917,1.1288851261138917,1.1288851261138917,1.1288851261138917,1085
0.18458798676729202,1.1157728672027587,1.1157728672027587,1.1157729148864746,1.1157728910446167,1091
0.15904546529054642,1.1292611598968505,1.1292611598968505,1.1292611598968505,1.1292611598968505,1097
0.13991286754608154,1.1421066284179688,1.1421066284179688,1.1421066284179688,1.1421066164970397,1103
0.15360442996025087,1.1366853713989258,1.1366853713989258,1.1366854190826416,1.1366853952407836,1109
0.14951913803815842,1.1360116004943848,1.136011552810669,1.1360116004943848,1.136011576652527,3
0.13617364913225175,1.142524003982544,1.142524003982544,1.142524003982544,1.142524003982544,9
0.14365123957395554,1.13851900100708,1.13851900100708,1.13851900100708,1.13851900100708,15
0.1386824905872345,1.1412601470947266,1.1412601470947266,1.1412601470947266,1.1412601470947266,21
0.14808567613363266,1.1364526748657227,1.1364526748657227,1.1364526748657227,1.1364526867866516,27
0.16437634378671645,1.128066396713257,1.128066349029541,1.128066396713257,1.1280663847923278,33
0.14135852903127671,1.1379244327545166,1.1379244327545166,1.1379244327545166,1.1379244327545166,39
0.14982867985963821,1.1366931915283203,1.1366931438446044,1.1366931915283203,1.1366931796073914,45
0.1454368144273758,1.1355499267578124,1.1355499267578124,1.1355499267578124,1.1355499386787415,51
0.15609627813100815,1.1345780849456788,1.1345780849456788,1.1345780849456788,1.1345780849456788,57
0.168693608045578,1.1230623722076416,1.1230623722076416,1.1230623722076416,1.1230623602867127,63
0.18103089630603791,1.1169001102447509,1.1169001102447509,1.1169001102447509,1.1169001102447509,69
0.1722557783126831,1.1203922271728515,1.1203922271728515,1.1203922271728515,1.1203922271728515,75
0.18712595999240875,1.11741943359375,1.11741943359375,1.11741943359375,1.117419421672821,81
0.19477106928825377,1.1099584579467774,1.1099584579467774,1.1099584579467774,1.1099584579467774,87
0.1920226365327835,1.109177589416504,1.109177589416504,1.109177589416504,1.109177577495575,93
0.1995474576950073,1.1096918106079101,1.1096918106079101,1.1096918106079101,1.1096918106079101,99
0.19512802064418794,1.106581974029541,1.106581974029541,1.106581974029541,1.106581974029541,105
0.18737589716911315,1.1143055438995362,1.1143055438995362,1.1143055438995362,1.1143055438995362,111
0.17874053865671158,1.1176276683807373,1.1176276683807373,1.1176276683807373,1.1176276803016663,117
0.17908550500869752,1.1181522369384767,1.1181522369384767,1.1181522369384767,1.1181522488594056,123
0.2012581169605255,1.1090232849121093,1.1090232849121093,1.1090232849121093,1.1090232849121093,129
0.19177070260047913,1.110901689529419,1.110901689529419,1.110901689529419,1.110901701450348,135
0.17469398975372313,1.1177133083343507,1.1177133083343507,1.1177133083343507,1.1177133083343507,141
0.17828216403722763,1.112833833694458,1.112833833694458,1.112833833694458,1.112833833694458,147
0.19430455267429353,1.111053466796875,1.111053466796875,1.111053466796875,1.111053466796875,153
0.18651516735553741,1.1169971466064452,1.1169971466064452,1.1169971466064452,1.1169971466064452,159
0.18498914539813996,1.1181002140045166,1.1181002140045166,1.1181002140045166,1.1181002140045166,165
0.19044421315193177,1.1156564712524415,1.1156564712524415,1.1156564712524415,1.1156564593315124,171
0.1769592881202698,1.1224455833435059,1.12244553565979,1.1224455833435059,1.122445559501648,177
0.18557055592536925,1.1179807662963868,1.1179807662963868,1.1179807662963868,1.1179807662963868,183
0.17626842558383943,1.121946668624878,1.121946668624878,1.121946668624878,1.1219466567039489,189
0.17761732935905455,1.1163600444793702,1.1163599967956543,1.1163600444793702,1.1163600206375122,195
0.1586199313402176,1.131610059738159,1.131610059738159,1.131610059738159,1.131610059738159,201
0.187223619222641,1.116095495223999,1.116095495223999,1.116095495223999,1.116095495223999,207
0.18115778863430024,1.118391466140747,1.118391466140747,1.118391466140747,1.1183914542198181,213
0.16670618057250977,1.12396240234375,1.12396240234375,1.12396240234375,1.12396240234375,219
0.1614811599254608,1.1321475982666016,1.1321475982666016,1.1321475982666016,1.1321475863456727,225
0.17028712928295137,1.1262337684631347,1.1262337684631347,1.1262337684631347,1.1262337684631347,231
0.17144480347633362,1.128615713119507,1.128615713119507,1.1286157608032226,1.1286157608032226,237
0.16881045699119568,1.1298509120941163,1.1298509120941163,1.1298509120941163,1.1298509120941163,243
0.14971279054880143,1.1364987373352051,1.1364987373352051,1.1364987373352051,1.1364987373352051,249
0.16697316467761994,1.1267101287841796,1.1267101287841796,1.1267101287841796,1.1267101287841796,255
0.19944214224815368,1.115084457397461,1.115084457397461,1.115084457397461,1.115084445476532,261
0.18816735446453095,1.1169962882995605,1.1169962882995605,1.1169963359832764,1.1169963121414184,267
0.16688509583473204,1.1264286994934083,1.1264286994934083,1.1264286994934083,1.1264286756515502,273
0.16406969577074051,1.1279144763946534,1.1279144287109375,1.1279144763946534,1.1279144525527953,279
0.18207091987133026,1.1207427024841308,1.1207427024841308,1.1207427024841308,1.1207427024841308,285
0.1767350047826767,1.12503662109375,1.12503662109375,1.12503662109375,1.12503662109375,291
0.18202124983072282,1.1212778568267823,1.1212778568267823,1.1212778568267823,1.1212778687477112,297
0.1638057917356491,1.1275406360626221,1.1275406360626221,1.1275406360626221,1.1275406360626221,303
0.14442310035228728,1.1379161834716798,1.1379161834716798,1.1379161834716798,1.1379161953926087,309
0.15482936203479766,1.1340158939361573,1.1340158462524415,1.1340158939361573,1.1340158581733704,315
0.14673441350460054,1.1373451709747315,1.1373451232910157,1.1373451709747315,1.1373451471328735,321
0.16360971033573152,1.1295343399047852,1.1295343399047852,1.1295343399047852,1.1295343399047852,327
0.15288380086421965,1.1343774318695068,1.1343774318695068,1.1343774318695068,1.1343774318695068,333
0.15578686445951462,1.1358749866485596,1.1358749866485596,1.1358749866485596,1.1358749866485596,339
0.13176998794078826,1.1445865154266357,1.1445865154266357,1.1445865154266357,1.1445865154266357,345
0.14949352145195008,1.13634934425354,1.13634934425354,1.13634934425354,1.13634934425354,351
0.15342124700546264,1.1350503444671631,1.1350503444671631,1.1350503444671631,1.1350503444671631,357
0.16140606701374055,1.132362699508667,1.132362699508667,1.132362699508667,1.132362699508667,363
0.15708609521389008,1.1342343807220459,1.1342343807220459,1.1342343807220459,1.1342343926429748,369
0.14853691011667253,1.1387192249298095,1.1387192249298095,1.1387192249298095,1.1387192249298095,375
0.18286084830760957,1.1178263664245605,1.1178263664245605,1.1178263664245605,1.1178263545036315,381
0.19453255981206893,1.1153141021728517,1.1153140544891358,1.1153141021728517,1.1153140664100647,387
0.21647657752037047,1.104660415649414,1.104660415649414,1.104660415649414,1.104660403728485,393
0.19455900639295579,1.1158883094787597,1.1158883094787597,1.1158883571624756,1.1158883213996886,399
0.20412956476211547,1.1106351852416991,1.1106351852416991,1.1106351852416991,1.1106351852416991,405
0.21108221709728242,1.1064109802246094,1.1064109325408935,1.1064109802246094,1.1064109563827516,411
0.19274386316537856,1.1155924797058105,1.1155924797058105,1.1155924797058105,1.1155924797058105,417
0.20471945703029631,1.109812355041504,1.109812355041504,1.109812355041504,1.109812355041504,423
0.20489569306373595,1.1086796760559081,1.1086796760559081,1.1086796760559081,1.1086796760559081,429
0.20125450193881989,1.1128796577453612,1.1128796577453612,1.112879705429077,1.1128796815872193,435
0.20319143831729888,1.1097768783569335,1.1097768783569335,1.1097768783569335,1.1097768664360046,441
0.21001922488212585,1.1079902648925781,1.1079902648925781,1.1079902648925781,1.1079902648925781,447
0.19552750289440154,1.1151628494262695,1.1151628494262695,1.1151628494262695,1.1151628375053406,453
0.16856736540794373,1.1260611534118652,1.1260611534118652,1.1260611534118652,1.1260611534118652,459
0.15856772661209106,1.1329445838928223,1.1329445362091064,1.1329445838928223,1.1329445600509644,465
0.17479518353939055,1.1240414142608643,1.1240414142608643,1.1240414142608643,1.1240414142608643,471
0.17580398470163344,1.1218616962432861,1.1218616962432861,1.1218616962432861,1.1218616962432861,477
0.16429718881845473,1.130066442489624,1.130066442489624,1.130066442489624,1.130066442489624,483
0.178644560277462,1.122710943222046,1.122710943222046,1.122710943222046,1.122710943222046,489
0.17249026000499726,1.1258963108062745,1.1258963108062745,1.1258963108062745,1.1258962988853454,495
0.15570096522569657,1.1343349456787108,1.1343349456787108,1.1343349456787108,1.1343349456787108,501
0.1564553499221802,1.1316107749938964,1.1316107749938964,1.1316108226776123,1.1316107988357544,507
0.16513224691152573,1.1271313190460206,1.1271313190460206,1.1271313190460206,1.1271313190460206,513
0.15631607472896575,1.1334845542907714,1.1334845542907714,1.1334845542907714,1.1334845542907714,519
0.183476260304451,1.1213200092315674,1.1213200092315674,1.1213200092315674,1.1213200092315674,525
0.17263610363006593,1.1239356517791748,1.1239356517791748,1.1239356517791748,1.1239356517791748,531
0.15703785717487334,1.133101511001587,1.133101463317871,1.133101511001587,1.133101487159729,537
0.1840289518237114,1.1189801216125488,1.1189801216125488,1.1189801216125488,1.1189801216125488,543
0.18195365667343139,1.1202768802642822,1.1202768802642822,1.1202768802642822,1.1202768802642822,549
0.17390761375427247,1.1238512516021728,1.1238512516021728,1.1238512516021728,1.123851239681244,555
0.18301105499267578,1.1209637641906738,1.1209637641906738,1.1209637641906738,1.1209637761116027,561
0.1728866308927536,1.1221490859985352,1.1221490859985352,1.1221490859985352,1.1221490979194642,567
0.1833979070186615,1.118103551864624,1.118103551864624,1.118103551864624,1.118103551864624,573
0.18434500992298125,1.1218344211578368,1.1218344211578368,1.1218344688415527,1.1218344449996949,579
0.17343057692050934,1.1244050502777099,1.1244050502777099,1.1244050502777099,1.1244050502777099,585
0.1858459711074829,1.1176344394683837,1.1176344394683837,1.1176344394683837,1.1176344275474548,591
0.1656651973724365,1.1282464981079101,1.1282464981079101,1.1282464981079101,1.1282464742660523,597
0.16855413764715194,1.1283013820648193,1.1283013820648193,1.1283014297485352,1.1283014059066772,603
0.17138597816228868,1.1254056930541991,1.1254056930541991,1.1254056930541991,1.1254056930541991,609
0.16576983034610748,1.1289970397949218,1.1289970397949218,1.1289970397949218,1.1289970397949218,615
0.16649175584316253,1.1287564277648925,1.1287563800811768,1.1287564754486084,1.1287564158439636,621
0.15176716595888137,1.135791540145874,1.135791540145874,1.135791540145874,1.1357915282249451,627
0.15796183794736862,1.129495620727539,1.129495620727539,1.129495620727539,1.1294956088066102,633
0.16315274983644484,1.1304739952087401,1.1304739952087401,1.1304739952087401,1.1304739952087401,639
0.13943764716386794,1.140467596054077,1.140467596054077,1.140467596054077,1.140467596054077,645
0.15622397214174272,1.132718563079834,1.1327185153961181,1.132718563079834,1.1327185392379762,651
0.15944563150405883,1.1323198318481444,1.1323198318481444,1.1323198318481444,1.1323198318481444,657
0.14613619744777678,1.137140655517578,1.137140655517578,1.137140655517578,1.137140655517578,663
0.15267461389303208,1.134694766998291,1.134694766998291,1.134694766998291,1.134694766998291,669
0.14238578230142593,1.1411876678466797,1.1411876678466797,1.1411876678466797,1.1411876678466797,675
0.1832064539194107,1.1196124076843261,1.1196124076843261,1.1196124076843261,1.1196124076843261,681
0.15749461352825164,1.1321430683135987,1.1321430683135987,1.1321430683135987,1.1321430683135987,687
0.15616183429956437,1.1320777416229248,1.132077693939209,1.1320777416229248,1.1320777177810668,693
0.16366756707429886,1.1314021110534669,1.1314021110534669,1.1314021110534669,1.1314021110534669,699
0.13730175346136092,1.1402257919311523,1.1402257919311523,1.1402257919311523,1.1402257800102233,705
0.14093344360589982,1.1381344318389892,1.1381344318389892,1.1381344318389892,1.1381344318389892,711
0.1381966397166252,1.1404379844665526,1.1404379844665526,1.1404379844665526,1.1404379844665526,717
0.1677328899502754,1.1275249481201173,1.1275249481201173,1.1275249481201173,1.1275249481201173,723
0.15359295904636383,1.1316906929016113,1.1316906929016113,1.1316906929016113,1.1316906929016113,729
0.13562891781330108,1.1412061214447022,1.1412061214447022,1.1412061214447022,1.141206109523773,735
0.13710014671087264,1.1418013095855712,1.1418013095855712,1.1418013095855712,1.1418013095855712,741
0.1475173518061638,1.1347804069519043,1.1347804069519043,1.1347804069519043,1.1347804069519043,747
0.15559927076101304,1.1307339668273926,1.1307339668273926,1.1307339668273926,1.1307339668273926,753
0.13569862842559816,1.1417961120605469,1.1417961120605469,1.1417961120605469,1.1417961120605469,759
0.16685926169157028,1.1259357929229736,1.1259357929229736,1.1259357929229736,1.1259357929229736,765
0.13704801946878434,1.141536045074463,1.141536045074463,1.141536045074463,1.141536045074463,771
0.15500710010528565,1.13223295211792,1.13223295211792,1.13223295211792,1.132232940196991,777
0.13536481708288192,1.1409251689910889,1.1409251689910889,1.1409251689910889,1.1409251689910889,783
0.153954915702343,1.1319765090942382,1.1319765090942382,1.1319765090942382,1.1319765210151673,789
0.12814764231443404,1.1442060947418213,1.1442060947418213,1.1442060947418213,1.1442060947418213,795
0.1312883049249649,1.1436638355255127,1.1436638355255127,1.1436638355255127,1.1436638236045837,801
0.15597616583108903,1.1307652473449707,1.1307652473449707,1.1307652473449707,1.1307652473449707,807
0.14902592003345488,1.1324006080627442,1.1324006080627442,1.1324006080627442,1.1324006080627442,813
0.15497999042272567,1.1319531440734862,1.1319530963897706,1.1319531440734862,1.1319531202316284,819
0.14401447176933288,1.1349892616271973,1.1349892616271973,1.1349892616271973,1.1349892616271973,825
0.14950266033411025,1.1329609394073485,1.1329609394073485,1.1329609394073485,1.1329609036445618,831
0.16261280924081803,1.1281456470489502,1.1281456470489502,1.1281456470489502,1.1281456470489502,837
0.17485368698835374,1.1192467212677002,1.1192467212677002,1.1192467212677002,1.1192467212677002,843
0.15376275181770324,1.1320807933807373,1.1320807933807373,1.1320807933807373,1.1320807933807373,849
0.16912437379360198,1.1251120567321777,1.1251120567321777,1.1251120567321777,1.1251120567321777,855
0.14761751294136047,1.1347484111785888,1.1347484111785888,1.1347484111785888,1.1347484111785888,861
0.154908749461174,1.132122850418091,1.132122850418091,1.132122850418091,1.1321228384971618,867
0.1892547696828842,1.1139513015747071,1.1139513015747071,1.1139513015747071,1.1139513015747071,873
0.16842269003391266,1.1249032497406006,1.1249032497406006,1.1249032497406006,1.1249032497406006,879
0.16264666318893434,1.1291426181793214,1.1291425704956055,1.1291426181793214,1.1291425824165344,885
0.15596498250961305,1.1318131923675536,1.1318131923675536,1.1318131923675536,1.1318131923675536,891
0.1666784554719925,1.1261876106262207,1.1261876106262207,1.1261876106262207,1.1261876106262207,897
0.1659008890390396,1.1277491092681884,1.1277491092681884,1.1277491092681884,1.1277491092681884,903
0.15105647444725037,1.1338096141815186,1.1338096141815186,1.1338096141815186,1.1338096141815186,909
0.15038998425006866,1.1341484546661378,1.1341484546661378,1.1341484546661378,1.1341484427452087,915
0.17279756516218187,1.1241281032562256,1.1241281032562256,1.1241281032562256,1.1241281032562256,921
0.1838643193244934,1.112504482269287,1.112504482269287,1.112504482269287,1.1125044703483582,927
0.17770785987377166,1.116288185119629,1.116288185119629,1.116288185119629,1.116288185119629,933
0.18727740049362182,1.1133472442626953,1.1133472442626953,1.1133472442626953,1.1133472561836242,939
0.17853959798812866,1.11721510887146,1.11721510887146,1.11721510887146,1.11721510887146,945
0.174347448348999,1.1184588432312013,1.1184588432312013,1.1184588432312013,1.1184588551521302,951
0.1554905116558075,1.131352472305298,1.131352472305298,1.131352472305298,1.131352472305298,957
0.1679118886590004,1.1231068611145019,1.1231068611145019,1.1231068611145019,1.123106873035431,963
0.16403018087148666,1.1251492023468017,1.1251491546630858,1.1251492023468017,1.125149178504944,969
0.16008476614952089,1.1280315399169922,1.1280315399169922,1.1280315399169922,1.1280315399169922,975
0.1717896655201912,1.1188273906707764,1.1188273906707764,1.1188273906707764,1.1188273906707764,981
0.18098562210798264,1.1161587238311768,1.116158676147461,1.1161587238311768,1.1161587119102478,987
0.16273138374090196,1.1251160621643066,1.1251160621643066,1.1251160621643066,1.1251160502433777,993
0.16627197712659836,1.1255071640014649,1.1255071640014649,1.1255071640014649,1.1255071640014649,999
0.15380761325359343,1.1292364597320557,1.1292364120483398,1.1292364597320557,1.1292364478111268,1005
0.16265493035316467,1.1230805397033692,1.1230805397033692,1.1230805397033692,1.1230805397033692,1011
0.15613898485898972,1.1273267269134521,1.1273267269134521,1.1273267269134521,1.1273267149925232,1017
0.14227953553199768,1.1354082107543946,1.1354082107543946,1.1354082107543946,1.1354082107543946,1023
0.14565034061670304,1.1317947864532472,1.1317947864532472,1.1317947864532472,1.1317947864532472,1029
0.14690810590982437,1.1313814640045166,1.1313814163208007,1.1313814640045166,1.1313814520835876,1035
0.15049855709075927,1.1317289352416993,1.1317289352416993,1.1317289352416993,1.1317289352416993,1041
0.15253299176692964,1.1296788692474364,1.1296788215637208,1.1296788692474364,1.1296788454055786,1047
0.1535688519477844,1.1291441440582275,1.1291441440582275,1.1291441440582275,1.1291441440582275,1053
0.16536583006381989,1.1238783359527589,1.123878288269043,1.1238783836364745,1.1238783359527589,1059
0.1505855292081833,1.1299871444702148,1.1299871444702148,1.1299871921539306,1.1299871683120728,1065
0.16154973953962326,1.1245800018310548,1.1245800018310548,1.1245800018310548,1.1245800018310548,1071
0.16871246546506882,1.1207854270935058,1.1207854270935058,1.1207854270935058,1.120785415172577,1077
0.16888419687747955,1.1228929042816163,1.1228929042816163,1.1228929042816163,1.1228929162025452,1083
0.14468387067317962,1.13634934425354,1.1363492965698243,1.13634934425354,1.1363493204116821,1089
0.15106602162122726,1.1330533027648926,1.1330533027648926,1.1330533027648926,1.1330532908439637,1095
0.15969211012125015,1.1337006568908692,1.1337006568908692,1.1337006568908692,1.1337006568908692,1101
0.15613845288753508,1.1309140205383301,1.1309140205383301,1.1309140205383301,1.1309140086174012,1107
