Loss,Accuracy,Recall,Precision,F1-Score,Batch
0.38958815,0.8466366,0.79206985,0.9076436,0.8458612,5
0.40641475,0.83862895,0.78129953,0.89498144,0.83421755,10
0.38431993,0.8512276,0.7941274,0.90704346,0.84678537,15
0.33180323,0.87146705,0.82354563,0.91893536,0.8685964,20
0.3546903,0.8614628,0.8122311,0.91134673,0.858877,25
0.3362558,0.87131363,0.82418555,0.91757804,0.86828214,30
0.38048217,0.8526311,0.7981706,0.9055181,0.848434,35
0.36522207,0.85999376,0.8102837,0.91240615,0.85823077,40
0.3646008,0.8561168,0.8053842,0.9093747,0.8540063,45
0.36070696,0.85719305,0.810772,0.90569776,0.8555142,50
0.3998526,0.84552264,0.7907562,0.900326,0.8416982,55
0.38262868,0.8532881,0.8033232,0.9054864,0.8512842,60
0.35060835,0.86563486,0.8157852,0.9151011,0.86252576,65
0.41377473,0.83643085,0.780595,0.8941667,0.83340484,70
0.39639115,0.8498003,0.7908843,0.90479755,0.84393114,75
0.3611517,0.86199594,0.8074758,0.9122172,0.8565442,80
0.36060253,0.8564444,0.8067334,0.9035769,0.85236365,85
0.35583845,0.8609958,0.80856544,0.91823155,0.8598485,90
0.36786735,0.8612976,0.8055234,0.9094916,0.85428506,95
0.38177457,0.85356337,0.797313,0.9109474,0.8502436,100
0.39864382,0.839376,0.78234583,0.90099734,0.8373261,105
0.3637271,0.8540476,0.80244523,0.909825,0.85260963,110
0.36404648,0.85514563,0.8042353,0.9077697,0.8528166,115
0.34041002,0.87109,0.8160484,0.9192145,0.86453444,120
0.3631607,0.8609156,0.8106099,0.91196465,0.85823345,125
0.37251505,0.8596993,0.80685157,0.90806276,0.8543789,130
0.40618575,0.84195906,0.7838661,0.9004379,0.8380557,135
0.38276592,0.85083026,0.7958345,0.907105,0.8476812,140
0.4007151,0.84222955,0.7891958,0.899875,0.84080905,145
0.3607569,0.858908,0.80393654,0.9120769,0.85450035,150
0.37855622,0.85241383,0.7981427,0.908119,0.849297,155
0.3771387,0.8539509,0.7971204,0.9074776,0.84859747,160
0.3281156,0.8732004,0.8300366,0.9182808,0.8719218,165
0.3460915,0.86442995,0.8164782,0.9146971,0.86258703,170
0.36928305,0.8556604,0.8063028,0.9110424,0.85523343,175
0.37508503,0.854887,0.7981557,0.9093671,0.85008574,180
0.34358433,0.86634135,0.81405044,0.91511554,0.8615484,185
0.35920438,0.8555436,0.8010116,0.9093435,0.8516224,190
0.33630133,0.8663471,0.81550884,0.91655713,0.8630233,195
0.35439482,0.86281186,0.8146675,0.91200036,0.86051416,200
0.33940676,0.8659523,0.82018566,0.915795,0.86511606,205
0.3309417,0.86879784,0.82708174,0.9157993,0.8691291,210
0.3386549,0.86772156,0.81856245,0.9137373,0.86342716,215
0.39799008,0.8470726,0.79095966,0.8996036,0.8417161,220
0.36251497,0.85928917,0.8044742,0.91202116,0.8546581,225
0.32736823,0.8731893,0.82522005,0.922271,0.8709557,230
0.38250938,0.85164165,0.7943487,0.9116158,0.8486133,235
0.34233782,0.86891943,0.8220577,0.91736746,0.86699265,240
0.37240633,0.8570566,0.8078049,0.91080254,0.8561687,245
0.3869537,0.8477361,0.79633355,0.89946073,0.8445881,250
0.36556378,0.8617925,0.80339295,0.91462046,0.8553383,255
0.34169236,0.86865884,0.8165199,0.9225524,0.86625594,260
0.35440278,0.8602192,0.81314105,0.90918064,0.85841364,265
0.3439556,0.8674914,0.8183389,0.9165992,0.86464787,270
0.35922167,0.86015034,0.8108926,0.91292757,0.85884184,275
0.3670812,0.8567336,0.80007964,0.91014284,0.85144955,280
0.36115396,0.8612377,0.8104725,0.9136846,0.8589756,285
0.35034898,0.86721706,0.8168724,0.91747683,0.864201,290
0.382714,0.8517797,0.8004634,0.9065928,0.85013217,295
0.36144853,0.85621476,0.80798167,0.90670985,0.8544982,300
0.35899922,0.8636481,0.8143112,0.9121348,0.8603901,305
0.38666975,0.84802824,0.789829,0.9071684,0.8444018,310
0.3933638,0.84325266,0.7867549,0.90044427,0.83969426,315
0.335361,0.86650944,0.81843185,0.9157238,0.86426425,320
0.3277122,0.8753202,0.8280185,0.9224276,0.87254214,325
0.3443087,0.86628777,0.8155243,0.9160502,0.8627569,330
0.3571601,0.862617,0.81004477,0.91201395,0.85796404,335
0.30512384,0.88238317,0.83333117,0.93168306,0.8796885,340
0.35641274,0.85732436,0.80808157,0.9108576,0.85634345,345
0.36743963,0.8565671,0.8044574,0.9111751,0.8544404,350
0.36611104,0.858639,0.8052912,0.9088623,0.8538692,355
0.38729966,0.8536988,0.80734783,0.9058706,0.85373515,360
0.31768417,0.87799674,0.8356347,0.92227834,0.87674075,365
0.39573184,0.84222347,0.792784,0.90062875,0.84305334,370
0.32525292,0.8747886,0.8258252,0.9210022,0.87067604,375
0.35562137,0.86264163,0.81568956,0.91294366,0.8614468,380
0.38465235,0.8466158,0.793437,0.9048298,0.8453899,385
0.35622576,0.8604918,0.811795,0.9121868,0.8589411,390
0.32804394,0.8727363,0.83133745,0.9163938,0.8716888,395
0.3925047,0.84252375,0.7830286,0.90197283,0.8381431,400
0.3919859,0.84974426,0.798089,0.8993388,0.84561735,405
0.31844932,0.8727491,0.8236699,0.9255062,0.87146944,410
0.36355272,0.8562997,0.8025691,0.9091212,0.85247177,415
0.3147125,0.8777655,0.82709676,0.9275065,0.87439686,420
0.3773264,0.852278,0.8025945,0.90316075,0.8498103,425
0.3606889,0.8530877,0.79685026,0.9123781,0.85065097,430
0.37540746,0.8540173,0.8011215,0.9046032,0.84969074,435
0.37579563,0.8529876,0.7966283,0.91005236,0.84946656,440
0.3580462,0.8629964,0.8164232,0.91005486,0.860529,445
0.35171175,0.86417246,0.81624556,0.9131181,0.86192364,450
0.414165,0.840398,0.78182936,0.89861536,0.835869,455
0.36553597,0.85786104,0.8063061,0.91276795,0.8562228,460
0.41204798,0.8339477,0.77936023,0.8929283,0.8321646,465
0.41842017,0.833894,0.7756656,0.8969245,0.83185816,470
0.38920116,0.84309226,0.78747076,0.90224123,0.8408528,475
0.41692767,0.83618766,0.78003424,0.89722425,0.8344874,480
0.42490086,0.83167505,0.778214,0.89144343,0.8309021,485
0.3866724,0.850907,0.79705596,0.9062705,0.8480336,490
0.3864447,0.85055786,0.80493885,0.9046957,0.85187775,495
0.40038538,0.84054357,0.7896951,0.8944004,0.83870095,500
0.39519092,0.8434059,0.7926356,0.89937234,0.8425717,505
0.37368938,0.862705,0.81408066,0.9085,0.858659,510
0.37266028,0.8509607,0.8043042,0.9016592,0.8500597,515
0.39029738,0.84858507,0.79716796,0.8981092,0.8444883,520
0.3998929,0.84223706,0.7901426,0.8962896,0.83979875,525
0.38935223,0.8513194,0.7995642,0.9040565,0.84859425,530
0.37888765,0.85054666,0.8043685,0.9043412,0.8514022,535
0.4511827,0.82302684,0.7670446,0.88360125,0.82107025,540
0.43460047,0.82807904,0.7734167,0.88623095,0.8258617,545
0.36674806,0.85531384,0.81021994,0.9033235,0.8542183,550
0.37685466,0.85349774,0.805871,0.9018503,0.8511216,555
0.4054748,0.83996695,0.7896931,0.8926472,0.8379572,560
0.40062508,0.84520394,0.8002276,0.8980984,0.8462589,565
0.43772507,0.82279277,0.769401,0.8854881,0.82322574,570
0.4006983,0.8455265,0.7954821,0.8984723,0.8437682,575
0.429866,0.8263189,0.7696419,0.88681763,0.8238955,580
0.43327248,0.8319499,0.7749843,0.8890102,0.8280132,585
0.40921763,0.84054065,0.7877345,0.8943124,0.8376262,590
0.40060022,0.8457027,0.7938481,0.8975461,0.842393,595
0.36984158,0.8562731,0.8054742,0.908223,0.8536913,600
0.40265396,0.840549,0.79293275,0.8930686,0.83998996,605
0.37692448,0.85012084,0.7988804,0.904352,0.848295,610
0.36298552,0.86058074,0.8142542,0.9149115,0.86152744,615
0.3846663,0.8530918,0.8037072,0.90540916,0.85149425,620
0.41788566,0.8362773,0.78170323,0.89190006,0.83313507,625
0.38240132,0.8519239,0.8044637,0.9002087,0.84952086,630
0.37248567,0.8528018,0.80896837,0.9038792,0.8536618,635
0.40804517,0.83689076,0.7809832,0.8925845,0.83287233,640
0.35936415,0.8606017,0.8120274,0.9078677,0.8572677,645
0.39073822,0.8470418,0.7969384,0.9010713,0.8456747,650
0.3924309,0.84863275,0.8003586,0.9025685,0.8481634,655
0.41950008,0.8356324,0.77784854,0.8943873,0.8319985,660
0.40107754,0.8387639,0.78880435,0.8921885,0.8370319,665
0.42129806,0.83536726,0.7754309,0.89476633,0.8306019,670
0.37124255,0.85546046,0.80392236,0.9084377,0.85282177,675
0.3789281,0.85192186,0.8064504,0.902966,0.8519187,680
0.35959223,0.8615057,0.814703,0.90700203,0.8582656,685
0.43210495,0.8327205,0.7753041,0.89102954,0.8289768,690
0.3769724,0.8542289,0.80588126,0.9030977,0.85168034,695
0.43071198,0.8290663,0.77575135,0.8886419,0.82831097,700
0.37790146,0.845854,0.8007539,0.9022804,0.84841895,705
0.41025814,0.8375338,0.7859986,0.89103127,0.8351595,710
0.41465095,0.8430647,0.7897852,0.8953832,0.8390886,715
0.3643349,0.85619277,0.81157774,0.9083893,0.85719705,720
0.38634393,0.85167426,0.7977684,0.9096305,0.8498328,725
0.4155968,0.8348797,0.77804595,0.89432955,0.8321014,730
0.39027688,0.84739166,0.7978897,0.89821887,0.8450169,735
0.40634403,0.84035033,0.7869095,0.8989187,0.8390228,740
0.37326512,0.8525589,0.8068908,0.90202713,0.85165477,745
0.34890595,0.8674117,0.8225568,0.9088393,0.8633383,750
0.3944849,0.8474863,0.79672384,0.89983916,0.8450241,755
0.36126253,0.86072135,0.81349134,0.90787524,0.85803264,760
0.4242084,0.8314552,0.77881604,0.8897074,0.8303285,765
0.38094485,0.8458457,0.8002038,0.9003224,0.84726435,770
0.35853943,0.86321115,0.81528425,0.9109893,0.8602841,775
0.38468084,0.8473639,0.79954225,0.8993633,0.84643024,780
0.3570957,0.860804,0.81375664,0.90950125,0.85882545,785
0.39171788,0.8456669,0.7932942,0.899153,0.84276414,790
0.40906176,0.8397088,0.7839258,0.89634794,0.8363325,795
0.4189806,0.8306956,0.77440697,0.8936164,0.8296464,800
0.39836207,0.8454297,0.79461664,0.8983659,0.8432012,805
0.4158231,0.8349114,0.7815072,0.8911881,0.8326675,810
0.38793883,0.8449877,0.78938836,0.9069641,0.84395474,815
0.39054295,0.84535724,0.796222,0.9045456,0.84681004,820
0.4279989,0.8280809,0.77384466,0.8901882,0.827806,825
0.40027916,0.84372807,0.7883006,0.89909554,0.8399985,830
0.3714509,0.85602003,0.80487436,0.9106768,0.85447735,835
0.37436584,0.8538563,0.80765826,0.90814424,0.85479873,840
0.36047074,0.85536915,0.80449194,0.9074888,0.8527954,845
0.37545726,0.84944814,0.797545,0.9047308,0.84753436,850
0.39028648,0.84893674,0.7953558,0.90497226,0.84647465,855
0.37964687,0.8514728,0.7999408,0.91111976,0.8517327,860
0.39304018,0.84915096,0.801424,0.8955659,0.8456791,865
0.40480372,0.8333799,0.7811837,0.8931131,0.8332619,870
0.4231412,0.83552116,0.78163624,0.8917322,0.8329901,875
0.38567162,0.8496552,0.795857,0.90472746,0.84670013,880
0.42452154,0.8283782,0.7754571,0.8888755,0.8282471,885
0.4018494,0.8374148,0.7894643,0.8919368,0.8373863,890
0.3910301,0.84886056,0.8040163,0.90110373,0.8497254,895
0.38075697,0.85414743,0.8059895,0.9072273,0.8535561,900
0.36857054,0.85225147,0.80256706,0.9078746,0.8518502,905
0.41848007,0.82914996,0.77184683,0.89200634,0.82735306,910
0.44905648,0.8207535,0.7635436,0.8787231,0.81693953,915
0.4370508,0.8260909,0.7661939,0.8946064,0.8252943,920
0.39826834,0.8476307,0.79260373,0.9067392,0.84571797,925
0.41043797,0.83989316,0.7862468,0.8994534,0.83895373,930
0.37703454,0.8532005,0.798925,0.91035074,0.8508765,935
0.4459146,0.82578325,0.7717931,0.88128716,0.8228228,940
0.41281918,0.8361321,0.78551483,0.8945249,0.83646584,945
0.4228917,0.82825017,0.7690739,0.89502484,0.82724094,950
0.45650682,0.8192356,0.75823164,0.8879673,0.8176878,955
0.4211577,0.83502126,0.7776439,0.894742,0.8320342,960
0.37194252,0.8512803,0.7979953,0.9053791,0.8482159,965
0.4379674,0.8294311,0.77275324,0.8914733,0.82774836,970
0.418553,0.8387428,0.7831914,0.89977145,0.837334,975
0.43872032,0.8303661,0.767137,0.89388686,0.82565355,980
0.42676297,0.82883054,0.7740488,0.8904206,0.828034,985
0.39685908,0.84754175,0.7925574,0.9042286,0.8446989,990
0.37680778,0.85105485,0.8018806,0.90418005,0.84986275,995
0.43740046,0.83180803,0.7737213,0.88940233,0.82749677,1000
0.46639204,0.8185089,0.76412994,0.87402326,0.81536,1005
0.38460734,0.8558925,0.8042393,0.9109543,0.8541178,1010
0.38410282,0.85541624,0.8008476,0.9130724,0.853174,1015
0.41580307,0.8357118,0.7762999,0.8894353,0.82891273,1020
0.45033607,0.8256882,0.7673879,0.8824608,0.82077575,1025
0.37609503,0.8514841,0.8024989,0.904743,0.85053164,1030
0.42582813,0.8315666,0.77838033,0.8907599,0.8306425,1035
0.37344673,0.8470542,0.80022496,0.9028699,0.84832525,1040
0.42549202,0.8403952,0.7874224,0.89678335,0.8383854,1045
0.43229386,0.8311696,0.77660275,0.8960143,0.8318375,1050
0.44200936,0.8276911,0.7655943,0.8886802,0.8224558,1055
0.42598537,0.8336776,0.7741318,0.8954403,0.8301008,1060
0.4125603,0.83411837,0.77771235,0.89108497,0.83030057,1065
0.44061852,0.8266647,0.7679053,0.8876888,0.82340413,1070
0.43095613,0.82775635,0.7684248,0.8940343,0.8263521,1075
0.45140803,0.8235038,0.7625075,0.88771373,0.82024425,1080
0.3896471,0.85170263,0.8000348,0.9114358,0.85196275,1085
0.4311924,0.82950115,0.7720981,0.8896713,0.82671195,1090
0.4246926,0.82875437,0.77035934,0.8893111,0.8255089,1095
0.42795143,0.8332184,0.7841218,0.8844154,0.8311732,1100
0.41453588,0.83581924,0.77736473,0.8991561,0.833612,1105
0.40355882,0.8459318,0.79666305,0.8978679,0.8441494,1110
0.46407422,0.81403285,0.75903505,0.8741661,0.8122662,1115
0.4470873,0.8249888,0.7631233,0.88609767,0.81977576,1120
0.38449335,0.8470595,0.7936719,0.90783596,0.84676796,1125
0.41819453,0.8309564,0.7755515,0.8871358,0.8275611,1130
0.41962644,0.83324003,0.7706094,0.8972977,0.82893676,1135
0.39304736,0.84581614,0.79520637,0.9002326,0.84439325,1140
0.3984982,0.8403649,0.7818775,0.9015214,0.8372721,1145
0.45378304,0.8211885,0.76933616,0.8792212,0.8205784,1150
0.46067187,0.811873,0.7476358,0.882184,0.8092404,1155
0.44033828,0.82484406,0.76818514,0.88814765,0.82367754,1160
0.4204552,0.8377575,0.7753613,0.8957377,0.8310232,1165
0.43929562,0.82358414,0.76927567,0.8832789,0.8223073,1170
0.45790258,0.82112676,0.76838,0.87940735,0.82009196,1175
0.44539884,0.82297873,0.7631044,0.88236475,0.8183122,1180
0.44175124,0.8229551,0.7629711,0.8873906,0.8204395,1185
0.4142414,0.839243,0.78299683,0.8977222,0.83630204,1190
0.42318773,0.83099097,0.7748995,0.8942518,0.83021826,1195
0.41995177,0.83166194,0.7760806,0.89200234,0.82993907,1200
0.4364656,0.8272691,0.7722935,0.89248174,0.8279496,1205
0.45061898,0.8215433,0.76499194,0.8847453,0.82043797,1210
0.42201614,0.83473724,0.7782552,0.89808303,0.8338518,1215
0.40085098,0.84078234,0.78552777,0.90682226,0.84181595,1220
0.4234475,0.8263951,0.77441174,0.8856394,0.82608366,1225
0.47151685,0.8100179,0.7448494,0.8787367,0.8060228,1230
0.40842333,0.8374168,0.7835718,0.89596766,0.8359305,1235
0.37851354,0.85445493,0.8042643,0.9062495,0.8521953,1240
0.43533173,0.8298916,0.7754288,0.88841254,0.8279629,1245
0.39744315,0.8443262,0.79417557,0.89775974,0.84277076,1250
0.3796326,0.8546714,0.8067146,0.90619177,0.8534989,1255
0.37453035,0.8536915,0.79827315,0.9079111,0.8494902,1260
0.38468647,0.8500741,0.7968095,0.90568465,0.84758806,1265
0.4166259,0.83738804,0.78473717,0.89390016,0.8357164,1270
0.4631795,0.8194632,0.7572847,0.88202024,0.81478786,1275
0.3949448,0.8431849,0.79146546,0.89856553,0.8415286,1280
0.42773876,0.83054775,0.77421993,0.8904306,0.82817286,1285
0.3915299,0.84976095,0.79767746,0.9037202,0.8473744,1290
0.44721022,0.8238842,0.76144344,0.886887,0.8191898,1295
0.3610928,0.8575366,0.81097525,0.9062069,0.8558428,1300
0.41104665,0.8358565,0.7787356,0.90144664,0.83551884,1305
0.46455756,0.8188142,0.7606513,0.8832271,0.8171766,1310
0.45520246,0.82104397,0.76261115,0.883444,0.81843996,1315
0.40245673,0.83834916,0.78441983,0.89615107,0.83640426,1320
0.42500177,0.8378725,0.7782102,0.90047455,0.83474594,1325
0.42433515,0.83669424,0.77797484,0.89432305,0.8320802,1330
0.41065276,0.8455248,0.79234004,0.9007101,0.8429834,1335
0.41926828,0.82549816,0.77058715,0.88973504,0.82568955,1340
0.40807316,0.8383508,0.77718574,0.89960736,0.8337634,1345
0.42031482,0.83809716,0.781957,0.89793247,0.8358109,1350
0.45210585,0.8205611,0.7618806,0.8873405,0.8196613,1355
0.40680113,0.83978385,0.78454155,0.90135556,0.8387136,1360
0.43046054,0.82725334,0.76833016,0.88845706,0.82396555,1365
0.40273356,0.84056354,0.7822418,0.9023617,0.83795094,1370
0.40092656,0.84071976,0.7833641,0.8953128,0.8355401,1375
0.42908934,0.83006215,0.76942396,0.8915291,0.82586527,1380
0.42476258,0.8323572,0.77583146,0.89214396,0.829813,1385
0.4272517,0.83019686,0.7782726,0.88826895,0.8295284,1390
0.41846105,0.838037,0.7792382,0.8921538,0.83177114,1395
0.46072897,0.81283563,0.75158423,0.8775006,0.80960757,1400
0.39557564,0.8444043,0.79013115,0.90176994,0.8421211,1405
0.43567994,0.8282011,0.7713313,0.8823907,0.823041,1410
0.38016066,0.85147,0.8007397,0.90509874,0.8496442,1415
0.45039976,0.82169646,0.7642724,0.88055664,0.8182457,1420
0.4118618,0.8353276,0.7819961,0.89806724,0.83583426,1425
0.39763287,0.8429351,0.79112583,0.897701,0.841013,1430
0.36507475,0.8613991,0.8067419,0.91410357,0.8569093,1435
0.3689331,0.853477,0.8030186,0.90668815,0.8515784,1440
0.40451872,0.8333833,0.7815333,0.895447,0.8344469,1445
0.3795145,0.84616905,0.7950911,0.8994796,0.8439989,1450
0.4192512,0.8351813,0.7740868,0.89420176,0.8296879,1455
0.4022665,0.8376303,0.7762757,0.8971574,0.8322594,1460
0.43007365,0.8283475,0.76553637,0.8939139,0.82441896,1465
0.36409488,0.85441923,0.8035054,0.90794104,0.8523889,1470
0.41593888,0.8410351,0.780703,0.8988158,0.8355334,1475
0.5222888,0.79068774,0.72067803,0.8641906,0.78582996,1480
0.3936746,0.8463633,0.78558445,0.9062875,0.8415644,1485
0.4201438,0.833795,0.7794494,0.89362556,0.83259565,1490
0.4182124,0.8348386,0.7717597,0.89960164,0.8306727,1495
0.40231013,0.84034157,0.78489447,0.8987024,0.8378725,1500
0.39565086,0.84555197,0.785985,0.9099779,0.8433407,1505
0.39470515,0.8451669,0.79013634,0.89905256,0.84098667,1510
0.40837324,0.83449525,0.7758638,0.8991268,0.8326907,1515
0.39682952,0.84169286,0.788074,0.8970895,0.83899117,1520
0.423676,0.83673954,0.7738962,0.8972916,0.8309056,1525
0.36479744,0.8530287,0.79946727,0.9117456,0.8518718,1530
0.47964844,0.81680393,0.7529078,0.87666893,0.81006217,1535
0.39494026,0.84292334,0.7920024,0.8993074,0.84217197,1540
0.42143977,0.8310376,0.77463937,0.8898036,0.8281861,1545
0.42712578,0.8325882,0.782757,0.88969564,0.8327832,1550
0.45115772,0.82145196,0.76603323,0.87787753,0.8180832,1555
0.40115547,0.8501573,0.788703,0.9045965,0.8424902,1560
0.395071,0.8496134,0.798902,0.8979869,0.8454378,1565
0.4246405,0.8290558,0.77179927,0.89287066,0.8278918,1570
0.41419592,0.83240414,0.77699345,0.8971676,0.832684,1575
0.438917,0.82522756,0.76114815,0.8899453,0.8204065,1580
0.3928587,0.84387916,0.7852848,0.90026647,0.83865714,1585
0.39553705,0.84924746,0.7928416,0.9039902,0.84464115,1590
0.43295372,0.8321056,0.7737879,0.89368755,0.8293095,1595
0.40256318,0.84173363,0.788915,0.89634603,0.8391654,1600
0.43725768,0.8281333,0.7659623,0.89108306,0.8236969,1605
0.4311398,0.8304444,0.7686861,0.88743806,0.8237207,1610
0.44099808,0.82522106,0.7699972,0.8876888,0.82464504,1615
0.39995226,0.8398234,0.7833255,0.898187,0.8364809,1620
0.42991456,0.82968354,0.7759895,0.89107007,0.82948047,1625
0.40582803,0.8365714,0.7773923,0.8976038,0.83311003,1630
0.4079955,0.8365169,0.78520936,0.8932629,0.8355908,1635
0.4149921,0.8356289,0.78479385,0.8932727,0.83540636,1640
0.41976562,0.83245164,0.77485245,0.8932543,0.82973975,1645
0.40918088,0.8385251,0.7785881,0.9005788,0.8351225,1650
0.43261313,0.8301303,0.7767596,0.8905538,0.8296061,1655
0.3993089,0.84088486,0.77981263,0.89907503,0.83500195,1660
0.3872435,0.8454201,0.7907106,0.8982477,0.8410394,1665
0.4223329,0.83419436,0.7743907,0.8940082,0.8298104,1670
0.36691388,0.8551202,0.80040485,0.9096232,0.8515026,1675
0.41472363,0.8361571,0.78038615,0.8922464,0.8324782,1680
0.36697486,0.85651445,0.8035876,0.90523905,0.8513467,1685
0.40401468,0.8376067,0.77939415,0.89835525,0.8345621,1690
0.38496685,0.84579057,0.788693,0.9053219,0.8427568,1695
0.42623046,0.83221465,0.7816803,0.88955283,0.83207077,1700
0.41937843,0.8339071,0.77570695,0.891335,0.8294597,1705
0.42953074,0.8261943,0.77175707,0.8865843,0.8251137,1710
0.37854156,0.8527952,0.79750013,0.9074474,0.84877867,1715
0.41978607,0.8301739,0.7700467,0.8917446,0.8262146,1720
0.43694147,0.82370263,0.7611912,0.8910354,0.82080626,1725
0.39441124,0.84260225,0.78083783,0.905044,0.8383183,1730
0.42546153,0.82531863,0.7689507,0.88415617,0.8225108,1735
0.4040418,0.84036,0.784507,0.90023303,0.8383841,1740
0.41126302,0.83625394,0.7814836,0.8919773,0.8330202,1745
0.4353982,0.82702285,0.75815076,0.89211076,0.8196214,1750
0.40408978,0.84331495,0.7858429,0.9042056,0.84083027,1755
0.43276754,0.8292784,0.76728654,0.8892568,0.8235863,1760
0.43997362,0.82630247,0.770957,0.88341635,0.82304597,1765
0.4036542,0.8425069,0.7898083,0.89782745,0.8403008,1770
0.41713575,0.83436966,0.7757811,0.89768815,0.832218,1775
0.39101684,0.84478027,0.7923365,0.90104264,0.8430999,1780
0.39160395,0.84524155,0.789712,0.90283257,0.84241295,1785
0.39277294,0.8426807,0.7878292,0.89668924,0.83864266,1790
0.38032094,0.84953004,0.79504603,0.9036164,0.84578353,1795
0.4542419,0.8160735,0.7584193,0.8781457,0.8136408,1800
0.41397083,0.8384373,0.78364784,0.89414626,0.83511776,1805
0.43774605,0.82464,0.770699,0.87873536,0.821088,1810
0.3987299,0.84062654,0.7948125,0.8918589,0.8404539,1815
0.377977,0.85514736,0.8025746,0.907732,0.85186046,1820
0.3841658,0.85422283,0.8032964,0.90587455,0.8513674,1825
0.35343492,0.8633043,0.8149541,0.9147617,0.8619647,1830
0.41627368,0.8296781,0.772764,0.89240915,0.8281901,1835
0.42161563,0.830524,0.7781677,0.8884695,0.82954615,1840
0.39106795,0.8463219,0.79364824,0.90365386,0.8449855,1845
0.3872995,0.8454173,0.7960443,0.90195805,0.84563136,1850
0.36588398,0.8536001,0.80700105,0.9035066,0.85241884,1855
0.38237858,0.84863883,0.7953716,0.90556145,0.84685093,1860
0.4409926,0.8156027,0.7630771,0.8790819,0.8168395,1865
0.38660833,0.8423942,0.7931135,0.89648145,0.8415106,1870
0.41142067,0.83228636,0.7740335,0.8923311,0.8287553,1875
0.38835582,0.843699,0.79006356,0.90049934,0.84163934,1880
0.3850963,0.84928876,0.79544765,0.9053208,0.8465838,1885
0.40189612,0.83875537,0.7856023,0.8967691,0.8374603,1890
0.36169052,0.8532779,0.8048832,0.9080098,0.85321355,1895
0.3435844,0.8634071,0.8167846,0.9160583,0.86346865,1900
0.34407285,0.8637516,0.8210392,0.9130733,0.8645162,1905
0.34340346,0.86514443,0.8172326,0.9151127,0.8632407,1910
0.40540293,0.8388384,0.7832389,0.89665514,0.8360167,1915
0.3832288,0.85037047,0.80036813,0.90271837,0.8483141,1920
0.39877662,0.8419098,0.78554106,0.8998466,0.8387461,1925
0.34504154,0.8641288,0.81822807,0.91314155,0.8630399,1930
0.37311795,0.8523509,0.7954381,0.91061443,0.84906983,1935
0.37643683,0.85006374,0.80497974,0.9028638,0.85096955,1940
0.3631446,0.8566317,0.8012137,0.91273284,0.85328984,1945
0.3447019,0.8607289,0.812481,0.9111132,0.8588852,1950
0.4256748,0.8288329,0.7732773,0.89200836,0.82820415,1955
0.37434372,0.850138,0.8033369,0.90257376,0.84990174,1960
0.3656707,0.85262847,0.80065775,0.90853614,0.8510538,1965
0.38310218,0.84674793,0.7958018,0.9042395,0.84651446,1970
0.3984288,0.84092754,0.78666997,0.89967155,0.83931214,1975
0.37513074,0.85503834,0.8065904,0.9056189,0.8530746,1980
0.39577946,0.84414667,0.78869724,0.90165263,0.841331,1985
0.4100988,0.83771557,0.7824746,0.8991155,0.8365617,1990
0.41875935,0.82738405,0.7681945,0.8913507,0.82515484,1995
0.38299373,0.8490386,0.7961841,0.9028849,0.8460925,2000
0.404322,0.83774257,0.7849271,0.89387137,0.8358021,2005
0.39256784,0.84265226,0.7911536,0.90225655,0.8429565,2010
0.42888913,0.8282711,0.77250576,0.89086694,0.827375,2015
0.35443175,0.8612972,0.8137943,0.91212493,0.86013335,2020
0.39390612,0.83998823,0.7879421,0.8963906,0.83854955,2025
0.35168752,0.8642006,0.81922203,0.9132486,0.8635874,2030
0.40880644,0.838705,0.78454,0.89670515,0.8367961,2035
0.4355046,0.8265724,0.77325696,0.88755757,0.8264034,2040
0.39501524,0.8475642,0.79251355,0.8996398,0.84256834,2045
0.37929335,0.85413766,0.8032072,0.90345913,0.8502424,2050
0.4363084,0.8291853,0.7659231,0.89126664,0.82374376,2055
0.4066732,0.83979124,0.79069096,0.8924586,0.8383243,2060
0.38055158,0.84804267,0.79832506,0.9001284,0.84594536,2065
0.39086422,0.8483003,0.7985148,0.8971083,0.84456986,2070
0.39927372,0.8412805,0.7843879,0.9016235,0.8388893,2075
0.41140446,0.834558,0.78137,0.8961069,0.8347419,2080
0.37697408,0.85307187,0.8050434,0.9077228,0.8531017,2085
0.39089474,0.8484548,0.7933326,0.90108734,0.84374213,2090
0.4100107,0.83495164,0.7746071,0.8955741,0.8305823,2095
0.4028218,0.83744,0.784173,0.89154226,0.83418417,2100
0.37223133,0.85595375,0.8072917,0.904337,0.85293823,2105
0.35610786,0.85722464,0.80586785,0.9092458,0.8543751,2110
0.41698217,0.8350623,0.78068876,0.8879836,0.83083886,2115
0.35896096,0.85842705,0.80826473,0.90720654,0.85480195,2120
0.39131963,0.8428232,0.79206735,0.89250326,0.8392491,2125
0.39809194,0.842917,0.79035157,0.89637,0.83997697,2130
0.35726917,0.85702467,0.80598897,0.9111042,0.85525614,2135
0.39663127,0.842194,0.7900892,0.89397264,0.838609,2140
0.36387488,0.85347605,0.8019879,0.90933293,0.8522695,2145
0.33281347,0.86963296,0.8269353,0.91756195,0.869777,2150
0.3580893,0.8588214,0.81403893,0.90654093,0.8576948,2155
0.40071794,0.8413272,0.790555,0.89479595,0.83942133,2160
0.36859617,0.86231154,0.811621,0.9113322,0.85852385,2165
0.41470265,0.8335902,0.77899814,0.89828396,0.8342851,2170
0.391108,0.84412557,0.791756,0.9010325,0.8426594,2175
0.4072024,0.83595806,0.7792406,0.89592147,0.83335656,2180
0.4045062,0.83586764,0.7837572,0.8909851,0.8338153,2185
0.37309968,0.8528457,0.80362433,0.90454125,0.85090643,2190
0.40596366,0.8404231,0.7882924,0.8940522,0.8377082,2195
0.36308825,0.85540414,0.8059972,0.9078973,0.85387063,2200
0.37854075,0.8500088,0.7955351,0.9039071,0.8460483,2205
0.4106916,0.8392207,0.7872555,0.8963502,0.83816147,2210
0.4273719,0.83185726,0.7740423,0.8875928,0.82680845,2215
0.396257,0.83906627,0.79038,0.89126945,0.837626,2220
0.3638202,0.86359787,0.80955887,0.9123633,0.85779667,2225
0.3872259,0.84869814,0.79476565,0.9006033,0.8442538,2230
0.37864557,0.84811944,0.8005566,0.90223646,0.8482334,2235
0.3954871,0.84350204,0.7927801,0.8988006,0.84243566,2240
0.40339234,0.8330965,0.7788833,0.89480215,0.8326855,2245
0.37996528,0.8452124,0.7908156,0.9038122,0.8434449,2250
0.3764635,0.8465119,0.79905194,0.9023688,0.8474726,2255
0.38937977,0.84894294,0.79590946,0.90480304,0.8467905,2260
0.44111526,0.81909615,0.7644093,0.8814954,0.8186433,2265
0.4243137,0.8295954,0.7744374,0.8942966,0.8298165,2270
0.40210733,0.83937055,0.7836528,0.8996606,0.83755666,2275
0.36201867,0.8570061,0.80490327,0.91084594,0.85452867,2280
0.42745066,0.8279813,0.7667103,0.89170384,0.82428235,2285
0.38707915,0.8492572,0.7899651,0.90868545,0.8450367,2290
0.3583882,0.8546815,0.8077213,0.9120961,0.8566641,2295
0.35892156,0.8615103,0.8100161,0.91313905,0.8583501,2300
0.42362413,0.8356798,0.77839226,0.89223784,0.8313679,2305
0.32746765,0.87232727,0.82421446,0.92259747,0.8705392,2310
0.43346667,0.83218557,0.77032393,0.8918945,0.8264642,2315
0.36126506,0.8577587,0.8031451,0.91017383,0.85324,2320
0.36779276,0.85956496,0.80709624,0.91509074,0.85766125,2325
0.3584781,0.85924953,0.8112669,0.906318,0.85604113,2330
0.4064707,0.8390371,0.79027724,0.89201456,0.83797455,2335
0.38407263,0.85047245,0.7962112,0.9061696,0.84751755,2340
0.42569157,0.8339436,0.76468533,0.89963204,0.826355,2345
0.34813407,0.8634491,0.81121176,0.9131975,0.859127,2350
0.41162515,0.83462113,0.7795892,0.8931391,0.83235055,2355
0.36306736,0.85686636,0.8021374,0.91322136,0.85402125,2360
0.38119122,0.8500833,0.79809076,0.90810055,0.8494517,2365
0.37544355,0.85257167,0.7974083,0.9129536,0.85116106,2370
0.3876129,0.8467154,0.7895665,0.90278596,0.84217197,2375
0.39824224,0.84024453,0.7853438,0.89604497,0.8367987,2380
0.35779285,0.8608027,0.80671644,0.91666055,0.8580515,2385
0.41668895,0.83612186,0.7795492,0.89129966,0.8315671,2390
0.3601754,0.86163205,0.8105347,0.91240406,0.8583868,2395
0.41745684,0.83572674,0.77997774,0.8935402,0.83286715,2400
0.38223365,0.8513543,0.7971813,0.91110045,0.8503089,2405
0.41002545,0.84023887,0.77578944,0.9012869,0.83377415,2410
0.42502522,0.8278075,0.77116066,0.88607764,0.8244465,2415
0.38746366,0.84899,0.788816,0.9083995,0.8441856,2420
0.40659642,0.8391641,0.7818338,0.89772797,0.8357508,2425
0.34902135,0.86408114,0.8102336,0.9132631,0.85851115,2430
0.37554637,0.8498971,0.80112004,0.9084344,0.8513507,2435
0.41771615,0.8330099,0.77923113,0.893368,0.8323104,2440
0.4065864,0.8421011,0.7835402,0.89700276,0.8358757,2445
0.40819335,0.84262747,0.7825568,0.9059834,0.8395856,2450
0.39555272,0.8448898,0.7936413,0.8998026,0.84331244,2455
0.43877003,0.82691485,0.76470757,0.89069444,0.82279587,2460
0.4113114,0.83282995,0.7768199,0.8919885,0.8303885,2465
0.3717518,0.85756856,0.8025856,0.9129076,0.85404444,2470
0.4214144,0.8281793,0.770871,0.88882136,0.82542604,2475
0.39746103,0.84318644,0.7911375,0.89680237,0.8405004,2480
0.40151834,0.84455436,0.7836408,0.90567446,0.8399165,2485
0.44095978,0.82361156,0.7650098,0.8907862,0.8228998,2490
0.3067269,0.8804273,0.83147025,0.928144,0.8770578,2495
0.45670924,0.8148268,0.75289994,0.8762017,0.8097627,2500
0.39472893,0.8457218,0.79144865,0.90140796,0.84278625,2505
0.42044878,0.8318279,0.7788589,0.89054537,0.83087987,2510
0.3955051,0.8443571,0.7845197,0.9029028,0.8395501,2515
0.40999708,0.8380218,0.7830681,0.89733785,0.836206,2520
0.3857424,0.85077125,0.8019522,0.90316135,0.84952694,2525
0.39887002,0.840127,0.786735,0.89334416,0.8364978,2530
0.35905388,0.86132115,0.8066558,0.9129932,0.8564091,2535
0.35592175,0.8633773,0.8108251,0.9158692,0.86007977,2540
0.36878085,0.853739,0.8012654,0.9072223,0.850931,2545
0.40198407,0.8459003,0.7853367,0.90240973,0.8396805,2550
0.36182258,0.85882473,0.8077274,0.9099867,0.8556884,2555
0.38037145,0.85182834,0.79996395,0.9058339,0.8496023,2560
0.426831,0.83359385,0.77456456,0.89125305,0.8287871,2565
0.39300302,0.8444622,0.7976361,0.8983204,0.84491795,2570
0.40736386,0.84161586,0.78416103,0.8989833,0.8374891,2575
0.39625275,0.8408341,0.78456074,0.89779705,0.83726543,2580
0.38390127,0.8470128,0.79670805,0.90004843,0.8451626,2585
0.37007272,0.85880184,0.80800986,0.9099023,0.8558438,2590
0.41168746,0.8342519,0.7789452,0.8961336,0.8333197,2595
0.3827932,0.85385257,0.79827565,0.90574557,0.8485727,2600
0.38381544,0.84756064,0.79339546,0.9070868,0.84638715,2605
0.40713987,0.83742744,0.77817965,0.8989329,0.8339272,2610
0.35467413,0.8624391,0.8112269,0.9141583,0.8595341,2615
0.380373,0.8483712,0.79592484,0.9028309,0.84587806,2620
0.3763276,0.85313815,0.80585027,0.90257,0.8513932,2625
0.4367241,0.8258917,0.7669768,0.88765806,0.8226115,2630
0.35497153,0.86109954,0.8133679,0.9155984,0.8612854,2635
0.37367645,0.85072464,0.80180174,0.90566397,0.8504157,2640
0.37686956,0.8487816,0.79899305,0.90349716,0.8479178,2645
0.36304972,0.85557944,0.8033645,0.9091669,0.85291886,2650
0.37627426,0.84820604,0.7981854,0.90427727,0.84785944,2655
0.36848617,0.8513195,0.80148524,0.9068475,0.8508324,2660
0.37095296,0.8512299,0.8005989,0.90674925,0.85024095,2665
0.3506336,0.86312413,0.8168905,0.91331166,0.86237115,2670
0.364338,0.85375404,0.8023066,0.909735,0.8524367,2675
0.3446263,0.8642116,0.813328,0.9135558,0.8603725,2680
0.38959965,0.8479181,0.7962887,0.9003737,0.8450373,2685
0.3675634,0.85448104,0.80194855,0.90916055,0.85205215,2690
0.37626353,0.8518719,0.79920435,0.90480226,0.84870607,2695
0.35118005,0.8627479,0.8178191,0.91261554,0.862422,2700
0.3745451,0.85425216,0.80002147,0.90802366,0.85051316,2705
0.3687,0.8574047,0.80460453,0.90987015,0.85394675,2710
0.40674683,0.84055084,0.78352237,0.9002438,0.83777505,2715
0.4117662,0.8331246,0.7776281,0.89732313,0.8330767,2720
0.37947294,0.85342073,0.79170436,0.9070585,0.84536123,2725
0.40222773,0.8411594,0.78438777,0.90066546,0.8384817,2730
0.36656275,0.861182,0.8093782,0.9141951,0.85849684,2735
0.3412901,0.86650896,0.81584996,0.91564137,0.8627998,2740
0.36425027,0.8544722,0.80452895,0.9090145,0.8535185,2745
0.35066605,0.8612829,0.81584233,0.9119027,0.8611205,2750
0.36543724,0.8624673,0.8079851,0.91703933,0.85900193,2755
0.37767506,0.8536353,0.7962621,0.9071024,0.8480298,2760
0.3908191,0.8453133,0.79407376,0.90175337,0.8443501,2765
0.3813397,0.8511915,0.8018902,0.9034634,0.84961325,2770
0.384303,0.849384,0.7908371,0.9066052,0.8447261,2775
0.42099765,0.8377959,0.7771341,0.89643097,0.83238506,2780
0.4003625,0.8444268,0.79071903,0.90506124,0.8439464,2785
0.35592496,0.86269593,0.8110752,0.91148543,0.8582451,2790
0.3898077,0.8451908,0.7961471,0.8984119,0.8441212,2795
0.3725195,0.8555708,0.80397934,0.91049427,0.85377955,2800
0.33313873,0.87296826,0.82742864,0.9170828,0.8698089,2805
0.38587582,0.8454364,0.79170346,0.90397257,0.84403324,2810
0.3912283,0.8492076,0.79631597,0.9043917,0.84685993,2815
0.39511326,0.8461768,0.79371834,0.9005604,0.84370476,2820
0.3454809,0.8640745,0.82240605,0.90989566,0.8638845,2825
0.38102686,0.8534303,0.7988272,0.905009,0.84848326,2830
0.3929993,0.84432656,0.7892904,0.90427333,0.8427343,2835
0.3432679,0.867425,0.81562215,0.917635,0.8635358,2840
0.3881407,0.84919477,0.7968695,0.90238684,0.8463197,2845
0.3953896,0.84054786,0.7906317,0.8950704,0.8394313,2850
0.3887142,0.8498966,0.79807043,0.9051195,0.8481722,2855
0.38234094,0.8548797,0.7997593,0.90847903,0.850509,2860
0.33638403,0.87121457,0.82177573,0.9215681,0.8687596,2865
0.3761312,0.85048705,0.79465646,0.90588623,0.8464119,2870
0.35344258,0.86413985,0.8190829,0.91254157,0.86312103,2875
0.3994204,0.8392983,0.78672,0.8958189,0.8376606,2880
0.3796573,0.85320693,0.8018928,0.9082424,0.8517275,2885
0.36516502,0.8565175,0.808208,0.90879995,0.85552543,2890
0.34926927,0.867089,0.8208551,0.91251063,0.864094,2895
0.3917991,0.8445392,0.79038453,0.9053151,0.8437455,2900
0.35495976,0.85769725,0.80817777,0.9116517,0.8566378,2905
0.39337465,0.84774303,0.78636813,0.9064931,0.84197617,2910
0.38979092,0.8448337,0.7909377,0.9022393,0.84287816,2915
0.37560907,0.8527773,0.80064255,0.9057489,0.84985375,2920
0.37365094,0.85784,0.8037966,0.9094033,0.8531623,2925
0.33572957,0.87425166,0.8260353,0.9206748,0.8706603,2930
0.394088,0.84601456,0.7912429,0.9066034,0.84491163,2935
0.37135223,0.8582718,0.80586845,0.90928155,0.8543597,2940
0.37552157,0.85573894,0.8075761,0.905811,0.8537912,2945
0.36567307,0.8575916,0.8079781,0.91028196,0.85590965,2950
0.3700463,0.85172445,0.79878753,0.90967417,0.85055786,2955
0.33243212,0.8713474,0.8216123,0.9223528,0.8688596,2960
0.37352452,0.85271335,0.8019953,0.90673876,0.85108614,2965
0.37123433,0.8557485,0.8097413,0.90898395,0.8564175,2970
0.37449333,0.8540388,0.80360246,0.9060805,0.8517098,2975
0.39678645,0.8457791,0.79716295,0.9004538,0.8455252,2980
0.37336448,0.8544958,0.8054003,0.9062524,0.85266,2985
0.36669254,0.8582232,0.80639243,0.90931255,0.85470134,2990
0.39620674,0.840434,0.78430885,0.9005539,0.83827513,2995
0.37243938,0.8563592,0.8099749,0.9051896,0.85485077,3000
0.3648883,0.85938734,0.8083957,0.91279167,0.85737985,3005
0.36737815,0.85637325,0.80259466,0.9134615,0.8543218,3010
0.36683777,0.85715884,0.8091002,0.9101889,0.85661656,3015
0.3757449,0.8537018,0.8028199,0.90686125,0.85157293,3020
0.39449382,0.8453744,0.79617834,0.89884025,0.84432364,3025
0.3775487,0.85595804,0.8033177,0.91197723,0.85413903,3030
0.4035091,0.84449744,0.7887152,0.89882904,0.84011364,3035
0.3878732,0.8472672,0.7905746,0.9018455,0.8424926,3040
0.34541678,0.86657,0.81702775,0.91430706,0.86281544,3045
0.39385417,0.8433583,0.7913258,0.8972604,0.8408454,3050
0.34354886,0.87146395,0.8219215,0.9207967,0.8684791,3055
0.40150324,0.8414267,0.7884248,0.9003199,0.84059054,3060
0.43369493,0.8228483,0.7640721,0.8890724,0.8218303,3065
0.36213514,0.8575022,0.8080373,0.91533303,0.85826105,3070
0.3813078,0.8558493,0.8055771,0.9105306,0.85477227,3075
0.35840794,0.864624,0.8172532,0.9128666,0.8623283,3080
0.38756672,0.8490998,0.79439086,0.90485746,0.8459113,3085
0.36426815,0.8608232,0.80855685,0.9127652,0.85737914,3090
0.375729,0.8486323,0.7956507,0.9043913,0.8463626,3095
0.34617028,0.8700014,0.82065916,0.91712266,0.86610603,3100
0.410427,0.8357646,0.7732165,0.89765996,0.830622,3105
0.3702868,0.8523062,0.7992597,0.90571904,0.84901077,3110
0.38265777,0.8500139,0.7977837,0.90455985,0.8477926,3115
0.41726193,0.834418,0.77962834,0.8912955,0.8315523,3120
0.392,0.8479337,0.79461974,0.9012837,0.8444751,3125
0.36660945,0.8530604,0.80216867,0.90922475,0.8522814,3130
0.37362728,0.8584381,0.8050623,0.91221553,0.8551781,3135
0.36100778,0.8546849,0.79761523,0.9173642,0.85300666,3140
0.39947513,0.8399648,0.788307,0.89207155,0.8369412,3145
0.4110937,0.8338172,0.77700907,0.89230704,0.830442,3150
0.39204255,0.8451635,0.79000753,0.90214473,0.8422021,3155
0.35610998,0.86708045,0.8086602,0.9199867,0.86060506,3160
0.36827087,0.85067827,0.79696846,0.9086077,0.8490347,3165
0.393541,0.84478,0.79105264,0.9036665,0.8435423,3170
0.436694,0.8346553,0.7815884,0.88612896,0.830544,3175
0.37934947,0.85595423,0.8060813,0.9035762,0.8520062,3180
0.43477893,0.8282741,0.77247334,0.8809201,0.82280964,3185
0.37068057,0.85151416,0.79808503,0.90410995,0.8476663,3190
0.41485992,0.83981293,0.78357005,0.89602757,0.8358524,3195
0.3764162,0.8581734,0.8066837,0.907114,0.8539186,3200
0.40568075,0.8375308,0.7843247,0.8950154,0.8359491,3205
0.4066546,0.836927,0.7755193,0.89550614,0.8310656,3210
0.37385532,0.8552603,0.8001035,0.9058931,0.8496235,3215
0.37926784,0.8487694,0.7913857,0.9042752,0.84381753,3220
0.4340434,0.82569534,0.76449066,0.88825065,0.8215387,3225
0.39972112,0.84183645,0.78551245,0.90167993,0.8395209,3230
0.41408992,0.83080053,0.77016044,0.89636594,0.8283418,3235
0.42345,0.8341734,0.77364016,0.89457864,0.8296072,3240
0.38564476,0.84675074,0.7926199,0.89857846,0.84209156,3245
0.38275382,0.848501,0.7963012,0.90159017,0.8456447,3250
0.41134727,0.83605355,0.7712691,0.8962545,0.8289859,3255
0.45709363,0.8200793,0.7491205,0.8804644,0.8093927,3260
0.3836113,0.8473416,0.7947195,0.8982284,0.84326935,3265
0.40878072,0.837621,0.77709633,0.8948331,0.8317509,3270
0.41693163,0.8329172,0.7666869,0.89671224,0.8265651,3275
0.39678836,0.84505147,0.78897667,0.89805347,0.8399202,3280
0.41277397,0.8350337,0.7780033,0.8898638,0.8301494,3285
0.4065981,0.8366235,0.77482706,0.8940794,0.83004546,3290
0.4316624,0.82654524,0.77173066,0.8822004,0.8231611,3295
0.41462088,0.83977836,0.7828817,0.89154977,0.83343863,3300
0.3949825,0.84132355,0.7837422,0.8993681,0.8374974,3305
0.38676715,0.8489004,0.7915883,0.90171975,0.8430305,3310
0.3680825,0.859322,0.80291265,0.908593,0.852366,3315
0.39660394,0.84128016,0.785243,0.89685845,0.83721703,3320
0.3736135,0.85490793,0.8034809,0.90741915,0.85220295,3325
0.41484502,0.83447737,0.77226734,0.8988126,0.83062917,3330
0.43893424,0.82574815,0.7649944,0.8820364,0.81931734,3335
0.37882283,0.85471743,0.7998174,0.90633893,0.84965926,3340
0.44622853,0.8203959,0.76080495,0.8766013,0.8144996,3345
0.39354637,0.8453026,0.78382605,0.8998194,0.8376119,3350
0.37497115,0.8462519,0.7898474,0.901063,0.8417689,3355
0.44065568,0.82557505,0.7658101,0.88485646,0.8208898,3360
0.4199463,0.8361097,0.7776645,0.8940968,0.8317969,3365
0.35609046,0.8589689,0.8044467,0.9116629,0.85446215,3370
0.41276535,0.83804363,0.7769392,0.89718705,0.8325103,3375
0.42139435,0.83215934,0.77337027,0.88942474,0.8272405,3380
0.39696205,0.84703517,0.7964497,0.89685583,0.84350777,3385
0.40949556,0.8343811,0.77446246,0.8947266,0.83009356,3390
0.39251676,0.8441558,0.78549653,0.89880323,0.8382392,3395
0.39625224,0.8403015,0.78548723,0.89114666,0.83487016,3400
0.39933708,0.84390974,0.78529567,0.9020779,0.83948946,3405
0.43343005,0.8256123,0.7625142,0.8895084,0.82101655,3410
0.47195897,0.8165238,0.7453728,0.88144284,0.80766225,3415
0.38956538,0.8479875,0.7918311,0.90100795,0.8428125,3420
0.38933066,0.84439874,0.78614926,0.90267116,0.8400893,3425
0.4508252,0.8168628,0.7542203,0.8778806,0.81130713,3430
0.36699024,0.85396594,0.8021886,0.9012087,0.8487728,3435
0.3796465,0.8502895,0.7917945,0.90506744,0.84460115,3440
0.40908983,0.8371052,0.7705392,0.8974021,0.8290027,3445
0.3936993,0.84401196,0.78139037,0.9033025,0.83789253,3450
0.43037024,0.82871485,0.7685142,0.88816816,0.8239158,3455
0.38908985,0.8493584,0.78509927,0.90487623,0.8406594,3460
0.406696,0.8403953,0.7788274,0.8984403,0.8343319,3465
0.36961234,0.85668164,0.80357057,0.910664,0.8536854,3470
0.43511215,0.825274,0.7714067,0.8829853,0.82334304,3475
0.4076549,0.8361464,0.7734602,0.8987972,0.831218,3480
0.41330668,0.8361342,0.7749321,0.8947844,0.8304126,3485
0.39616394,0.8448395,0.7881046,0.8978069,0.8393521,3490
0.4212121,0.83420324,0.77186936,0.89458734,0.82862616,3495
0.44893217,0.8234134,0.75918466,0.8819251,0.8158683,3500
0.40516886,0.8385088,0.77998334,0.90045065,0.83587545,3505
0.41370264,0.8377716,0.7809856,0.89315957,0.83326054,3510
0.39598083,0.8410394,0.7890722,0.90219754,0.8418288,3515
0.38502368,0.84377366,0.78962845,0.8977954,0.8401068,3520
0.40447542,0.8480093,0.80079156,0.8942094,0.844857,3525
0.38744625,0.8432955,0.78960377,0.90052295,0.84138936,3530
0.41660747,0.836694,0.77213883,0.8976889,0.8301358,3535
0.39585516,0.8396763,0.78117704,0.89703673,0.8350334,3540
0.40959838,0.84205264,0.78654677,0.89653724,0.8376551,3545
0.4519731,0.8181973,0.754829,0.88091594,0.81277543,3550
0.3862463,0.84971595,0.79485506,0.9034388,0.8455742,3555
0.46380556,0.81007475,0.74211997,0.8767106,0.8036044,3560
0.3869972,0.84586304,0.7939539,0.8994917,0.84334475,3565
0.44563484,0.8270542,0.7634446,0.88571453,0.8198573,3570
0.4196466,0.8344064,0.77616113,0.8918776,0.8299009,3575
0.41850662,0.8310234,0.76921344,0.88949776,0.82490534,3580
0.4041995,0.83868724,0.78463054,0.89071417,0.8342412,3585
0.42308047,0.83210343,0.7727888,0.8931398,0.82849246,3590
0.42564365,0.82884187,0.76702803,0.88886285,0.82332236,3595
0.36476362,0.85807985,0.80642825,0.90922123,0.85463953,3600
0.41361666,0.83039117,0.7713545,0.88960886,0.82620144,3605
0.38017607,0.84973335,0.8038867,0.89834595,0.84844285,3610
0.38577044,0.84854347,0.7942707,0.90331036,0.8452061,3615
0.42828393,0.8313026,0.7720211,0.8914082,0.82727003,3620
0.40139723,0.842398,0.7861848,0.89404297,0.83648777,3625
0.46010086,0.81902987,0.75535125,0.8861737,0.81544304,3630
0.4368832,0.8284543,0.7721942,0.88833743,0.8261773,3635
0.44102058,0.82996637,0.76943135,0.88988286,0.82522124,3640
0.40545115,0.8389712,0.7821553,0.89457387,0.83435124,3645
0.44655836,0.8307393,0.7718118,0.8927801,0.82772845,3650
0.4220613,0.83201474,0.7739374,0.88872546,0.8272671,3655
0.409283,0.8395483,0.7778955,0.8987791,0.833895,3660
0.40031186,0.8422063,0.79173595,0.8946062,0.83998555,3665
0.35548595,0.85643196,0.8118966,0.90782166,0.85710716,3670
0.3662212,0.858574,0.8073152,0.9111331,0.85593057,3675
0.40927026,0.84062386,0.79190946,0.89709044,0.8412192,3680
0.34801364,0.86625785,0.8162531,0.9164917,0.86334735,3685
0.39110693,0.84758383,0.79464,0.9011529,0.84440345,3690
0.3624046,0.86047155,0.8095985,0.9097789,0.8567016,3695
0.39107767,0.8479225,0.8014979,0.89642614,0.8461802,3700
0.38917783,0.8498189,0.80163985,0.90300685,0.8490114,3705
0.38367462,0.8467663,0.79384065,0.90544456,0.8458271,3710
0.41436014,0.84138775,0.7908167,0.89529395,0.83972263,3715
0.4003946,0.85118586,0.79731363,0.9029694,0.8467185,3720
0.37879014,0.85018915,0.7980254,0.91183805,0.8511104,3725
0.36972627,0.85935813,0.8099608,0.9068535,0.8555724,3730
0.40161893,0.8420802,0.79023904,0.8991243,0.841093,3735
0.3710953,0.8575959,0.8102751,0.90939444,0.8568856,3740
0.33882472,0.8685143,0.82456803,0.91562873,0.8676295,3745
0.4142368,0.83293194,0.7840206,0.89001065,0.8334424,3750
0.36592162,0.85820454,0.80928105,0.9124029,0.8577139,3755
0.39773205,0.84561014,0.7974067,0.89814895,0.84466535,3760
0.39573452,0.8458124,0.7955763,0.90145016,0.8451161,3765
0.37671018,0.8538058,0.80230695,0.9069378,0.8513488,3770
0.39980713,0.8460811,0.7949726,0.8982726,0.84341645,3775
0.3831317,0.85120416,0.8016681,0.9059429,0.8505895,3780
0.36444613,0.8585386,0.80791813,0.9126439,0.8570905,3785
0.40013525,0.83837825,0.78667015,0.8946879,0.8371566,3790
0.3336847,0.8729108,0.82661986,0.9180228,0.8699067,3795
0.40636742,0.84211725,0.78662443,0.89792174,0.8385511,3800
0.41477466,0.8368306,0.7853542,0.8948458,0.8365274,3805
0.36906895,0.859436,0.8109989,0.9121024,0.85852003,3810
0.3809209,0.8475976,0.79537815,0.90516996,0.8465825,3815
0.39527926,0.84442073,0.79185337,0.9032797,0.84366924,3820
0.37623534,0.8526936,0.80162686,0.9053282,0.85029644,3825
0.41527462,0.838155,0.78878397,0.8941746,0.83811474,3830
0.37741888,0.85320574,0.8095283,0.9062834,0.8550701,3835
0.40298274,0.8437316,0.790034,0.90193313,0.842226,3840
0.41178092,0.83993167,0.7904021,0.8989603,0.84108377,3845
0.38423887,0.8506411,0.80007815,0.9062746,0.8498573,3850
0.38650537,0.8487031,0.7991678,0.9031933,0.8478818,3855
0.35636285,0.86073214,0.81394905,0.9097219,0.8591426,3860
0.34881672,0.86453366,0.8177457,0.9140503,0.86315656,3865
0.39500514,0.84308654,0.79785794,0.8944509,0.8432581,3870
0.39767233,0.8410549,0.7889622,0.9020543,0.84149283,3875
0.3610374,0.8552675,0.80600023,0.91003036,0.85464674,3880
0.39978,0.8427934,0.7943588,0.8995519,0.8435897,3885
0.4171069,0.8329315,0.7810931,0.8901639,0.832028,3890
0.4038849,0.8439321,0.7839565,0.9009015,0.8381327,3895
0.39853394,0.84075713,0.7841601,0.90127015,0.83862185,3900
0.3673263,0.85831714,0.809524,0.9094489,0.8563607,3905
0.4185467,0.832711,0.7819114,0.8891658,0.832036,3910
0.36380813,0.859296,0.8135907,0.90642977,0.85729486,3915
0.32859704,0.87347347,0.83404183,0.9168754,0.8733842,3920
0.39708304,0.8432005,0.79289836,0.9010466,0.8434151,3925
0.3711706,0.85653824,0.8062086,0.90766716,0.85382,3930
0.37532878,0.8513009,0.8048604,0.90728694,0.85291797,3935
0.36772916,0.84976596,0.8004599,0.90834945,0.8506756,3940
0.35153702,0.86462426,0.81625336,0.91407746,0.862366,3945
0.3634442,0.8574929,0.81137186,0.9076565,0.856793,3950
0.41728786,0.83650523,0.77934617,0.8977649,0.83432025,3955
0.3766463,0.8481315,0.80044323,0.89734936,0.846023,3960
0.38384938,0.8534339,0.8094619,0.900701,0.8525762,3965
0.384065,0.8461086,0.7986221,0.902013,0.8469979,3970
0.3664521,0.8581386,0.80606097,0.9103971,0.8548963,3975
0.4030684,0.8446682,0.79280955,0.8938019,0.84019214,3980
0.4019332,0.8438831,0.7990205,0.899518,0.8461914,3985
0.38428286,0.8508212,0.8090814,0.90522796,0.8543708,3990
0.3786042,0.84885406,0.80123687,0.9008339,0.848008,3995
0.33540788,0.8717601,0.8222496,0.9204345,0.8684853,4000
0.3969331,0.8449273,0.7925082,0.89972454,0.84260637,4005
0.38904023,0.85203403,0.8032842,0.90432334,0.8507518,4010
0.4260497,0.8307659,0.777292,0.8922963,0.83072454,4015
0.35576463,0.8618669,0.8134668,0.9129982,0.860251,4020
0.4208571,0.83154505,0.7752559,0.8921716,0.8293707,4025
0.39907372,0.8446726,0.7928775,0.90089303,0.8432014,4030
0.32801273,0.8727575,0.8319232,0.9167283,0.8722205,4035
0.35797524,0.86074966,0.81175566,0.91261727,0.85900503,4040
0.40023693,0.84437966,0.79678154,0.9015996,0.8459042,4045
0.3957406,0.8433275,0.7896103,0.89632916,0.8395169,4050
0.39396533,0.84140235,0.78969795,0.89399076,0.8384187,4055
0.3639264,0.85993975,0.8109316,0.9095749,0.85733587,4060
0.3742086,0.85720253,0.80816746,0.9088533,0.8555209,4065
0.40819463,0.84428024,0.7929907,0.90162843,0.84361887,4070
0.3834602,0.85318685,0.7976577,0.9073355,0.8487969,4075
0.4094909,0.83857536,0.78316873,0.89709824,0.8361772,4080
0.36410427,0.8578284,0.8056719,0.910908,0.85498255,4085
0.35646963,0.8604746,0.81156653,0.9080348,0.8569975,4090
0.40290082,0.8443084,0.7916457,0.89864707,0.8416547,4095
0.37199903,0.85284996,0.8053176,0.9022267,0.85082334,4100
0.32102326,0.87857443,0.83371323,0.9248484,0.8768604,4105
0.36662304,0.8560541,0.8078525,0.90474683,0.8534374,4110
0.37701797,0.85240436,0.8066373,0.90487593,0.85291106,4115
0.40194368,0.84135276,0.7840188,0.9034211,0.83945864,4120
0.37657845,0.85182047,0.8010126,0.9013262,0.84811544,4125
0.41508773,0.8357749,0.7759554,0.89300466,0.8303196,4130
0.43816802,0.8239209,0.76497436,0.88723487,0.82146,4135
0.39276633,0.844305,0.7883379,0.90014076,0.8405015,4140
0.39086846,0.8463916,0.79568464,0.89838976,0.8438716,4145
0.38624954,0.849185,0.7914882,0.9060237,0.84483624,4150
0.4068803,0.8418824,0.7883601,0.89566165,0.8385334,4155
0.39994726,0.84602547,0.79185057,0.8997407,0.8422613,4160
0.41218272,0.8437834,0.79116505,0.8970011,0.8406916,4165
0.40167537,0.84285146,0.7820595,0.89838094,0.83603454,4170
0.44855356,0.82528096,0.7682479,0.8851547,0.8224526,4175
0.40124834,0.8446703,0.7846368,0.89923334,0.8378761,4180
0.41606107,0.84050125,0.782818,0.89528805,0.8352297,4185
0.3690599,0.8563728,0.80336183,0.91092104,0.85365707,4190
0.37262228,0.84930253,0.796717,0.9064129,0.84797674,4195
0.38604918,0.8521486,0.7995041,0.90501237,0.84887457,4200
0.35782874,0.8602721,0.81061846,0.91259956,0.858542,4205
0.36296543,0.85722685,0.8057974,0.9100197,0.8545913,4210
0.4396288,0.82954884,0.7723706,0.88504285,0.82483274,4215
0.41262817,0.83872443,0.78642577,0.8937102,0.8365755,4220
0.34369615,0.86889404,0.82605666,0.91123265,0.8664961,4225
0.38855997,0.84576756,0.79020804,0.9027023,0.8426938,4230
0.40001583,0.84255534,0.7902326,0.8970036,0.8401572,4235
0.39176288,0.84516096,0.79065055,0.90146905,0.84236693,4240
0.39249277,0.8471277,0.79369706,0.904193,0.8452594,4245
0.41924295,0.83296824,0.7784923,0.8918495,0.8312343,4250
0.38570264,0.84868646,0.7946722,0.90351945,0.8454868,4255
0.4106979,0.83521986,0.78447294,0.8929997,0.83516455,4260
0.38824722,0.8455777,0.79134226,0.9027784,0.8432789,4265
0.38618088,0.84769624,0.79214454,0.9023525,0.8435672,4270
0.37244895,0.8521947,0.80201846,0.9053882,0.8504774,4275
0.4094777,0.83756644,0.7784403,0.8960009,0.83284813,4280
0.36241543,0.85496783,0.804074,0.9063727,0.8520744,4285
0.4023788,0.8472131,0.79345775,0.89889926,0.84275776,4290
0.42938706,0.831718,0.7738933,0.8879585,0.8268898,4295
0.4013926,0.8420345,0.7829512,0.9037344,0.83874303,4300
0.4318912,0.82754844,0.76940995,0.88930684,0.82493347,4305
0.43839797,0.82775015,0.77156955,0.88573426,0.8244908,4310
0.44716573,0.82045764,0.7618954,0.88200974,0.81752855,4315
0.37808713,0.85325384,0.7990964,0.9051089,0.84858674,4320
0.39914176,0.8461328,0.793504,0.90111154,0.84373504,4325
0.4082409,0.8376732,0.7849073,0.8956082,0.8365166,4330
0.4039903,0.83947533,0.78086454,0.8970041,0.8348096,4335
0.37791455,0.85154366,0.8028576,0.90435743,0.8504749,4340
0.41379318,0.84071374,0.78513813,0.89999205,0.8385094,4345
0.42037585,0.830059,0.76974064,0.8931647,0.8267115,4350
0.40500998,0.8473298,0.7964542,0.8999634,0.84500176,4355
0.37864137,0.8492131,0.7981041,0.9026933,0.84705395,4360
0.3958873,0.8409869,0.7888741,0.89587384,0.83895236,4365
0.40964422,0.8330629,0.77318233,0.89526016,0.82962507,4370
0.40100598,0.84136206,0.78314346,0.89839894,0.83664733,4375
0.4032172,0.83696556,0.77724916,0.89795613,0.8330693,4380
0.3915021,0.8417878,0.78530407,0.90195805,0.83944243,4385
0.38489583,0.8478057,0.79820055,0.9025844,0.8470092,4390
0.41956165,0.8367321,0.78320426,0.8912236,0.83364916,4395
0.38615394,0.8460534,0.78780586,0.9026818,0.8411012,4400
0.41619346,0.8420119,0.7872984,0.8950444,0.8376248,4405
0.36997628,0.85270005,0.8024729,0.90670323,0.85115296,4410
0.37882748,0.8530247,0.8002544,0.90644073,0.8500147,4415
0.36782905,0.85810214,0.8123047,0.90469307,0.8559933,4420
0.41909066,0.8307235,0.77249867,0.88977844,0.82686955,4425
0.3827071,0.855494,0.7997031,0.90959734,0.8511053,4430
0.37132654,0.853528,0.8027007,0.9042039,0.8504018,4435
0.41441533,0.83337665,0.7742806,0.8912508,0.8283623,4440
0.40446973,0.835398,0.78060627,0.89112806,0.83215886,4445
0.41722336,0.8374772,0.7849515,0.8940902,0.83584076,4450
0.38216206,0.848113,0.800158,0.9021328,0.8478945,4455
0.38991967,0.8515187,0.79858994,0.90579534,0.84875804,4460
0.37550285,0.85243464,0.7981226,0.90408534,0.8477263,4465
0.35250744,0.8652496,0.8170407,0.9105877,0.86103684,4470
0.41442895,0.83325696,0.785405,0.88655883,0.83287233,4475
0.39233539,0.8451636,0.78620666,0.9032567,0.840611,4480
0.39022037,0.84660465,0.79894084,0.89744586,0.84522444,4485
0.39998206,0.8446495,0.7942998,0.8952863,0.8416571,4490
0.36170936,0.85805637,0.80168897,0.91615456,0.8549462,4495
0.44670156,0.817539,0.7580413,0.87830645,0.8135941,4500
0.41635478,0.84123486,0.7856684,0.89550835,0.83681744,4505
0.40328372,0.83758515,0.7835612,0.89700717,0.83625984,4510
0.361594,0.85782236,0.81198245,0.90426874,0.8555228,4515
0.40849352,0.8347466,0.7825152,0.88961935,0.83254266,4520
0.3749521,0.85294944,0.80768925,0.9025724,0.8524602,4525
0.41709056,0.8401951,0.77843714,0.8971467,0.8335063,4530
0.38558865,0.854019,0.7990818,0.9081617,0.8499902,4535
0.36873856,0.8574405,0.805368,0.9109599,0.85476637,4540
0.41145876,0.835938,0.77845925,0.8944966,0.8324001,4545
0.3827134,0.8482029,0.79379207,0.9056744,0.8459901,4550
0.3866652,0.8456469,0.7928648,0.9020454,0.84387845,4555
0.3764293,0.85354096,0.8038826,0.9057157,0.85173464,4560
0.43949237,0.8355599,0.78582543,0.8901493,0.8346948,4565
0.40565395,0.8367572,0.7791028,0.89932424,0.83483696,4570
0.35358295,0.8571097,0.8114882,0.9058886,0.85604125,4575
0.33338657,0.87097025,0.82237625,0.91613656,0.8666504,4580
0.36047316,0.86071616,0.80381423,0.91206104,0.854469,4585
0.37456784,0.8527665,0.79668325,0.91197807,0.85037154,4590
0.34905648,0.8638331,0.81835175,0.91064,0.86200064,4595
0.38743296,0.8564114,0.802299,0.90562695,0.85079414,4600
0.40749452,0.840103,0.78900236,0.898704,0.8401682,4605
0.35956702,0.86145455,0.81066483,0.91317916,0.8588255,4610
0.36865702,0.86386794,0.8158867,0.9118255,0.86108184,4615
0.3733395,0.85578775,0.80288166,0.90955085,0.8528237,4620
0.41872445,0.8377693,0.77992326,0.89305925,0.8326233,4625
0.42025092,0.8422782,0.78787977,0.89704555,0.8388551,4630
0.35289466,0.8637225,0.813977,0.91536736,0.8614226,4635
0.36212775,0.8625687,0.8103492,0.912517,0.85822946,4640
0.3764465,0.85463256,0.79477787,0.913438,0.8499302,4645
0.39224502,0.84634084,0.78827924,0.90669084,0.84330726,4650
0.3974912,0.8503926,0.790575,0.9114077,0.84660274,4655
0.37019408,0.85847473,0.809521,0.9104999,0.85693526,4660
0.34208044,0.8696656,0.8211234,0.9169421,0.86625504,4665
0.39191496,0.85212106,0.79893905,0.90345126,0.8477265,4670
0.33426645,0.8694887,0.820101,0.921089,0.8675098,4675
0.387616,0.84789807,0.7898404,0.90103894,0.84165114,4680
0.4169593,0.8360111,0.7812498,0.89810306,0.83534163,4685
0.40624675,0.8448866,0.78968287,0.89983827,0.8410184,4690
0.38824487,0.85088855,0.79800344,0.9037953,0.84752417,4695
0.38968042,0.84986025,0.79773635,0.902438,0.84667873,4700
0.40037128,0.8475511,0.79616123,0.9018149,0.84546685,4705
0.3486818,0.8647568,0.8165224,0.9123051,0.8616473,4710
0.3786653,0.8556854,0.80607647,0.90928715,0.854424,4715
0.39574122,0.8483345,0.79453427,0.9026831,0.8451397,4720
0.35701028,0.86415917,0.81516856,0.91495776,0.86216694,4725
0.37905684,0.85737807,0.807951,0.9069579,0.8545504,4730
0.3690332,0.8578579,0.8003313,0.91536474,0.85396796,4735
0.3770285,0.85402364,0.80132896,0.9088683,0.85165745,4740
0.36444986,0.85974383,0.80951864,0.912694,0.8579788,4745
0.37883055,0.8507506,0.80473536,0.9043069,0.8515878,4750
0.39189538,0.84315807,0.7937847,0.9013891,0.844014,4755
0.38725471,0.85440236,0.80058503,0.90446424,0.84930164,4760
0.40432692,0.8418084,0.78442913,0.90025467,0.8381439,4765
0.4243381,0.82837504,0.7699049,0.8906514,0.8256891,4770
0.3678633,0.8564585,0.80251175,0.91366047,0.8544217,4775
0.4049957,0.84225965,0.78901273,0.8979811,0.83984405,4780
0.4072417,0.8400124,0.7857526,0.8989568,0.8383472,4785
0.417914,0.8391051,0.78463274,0.89693356,0.836977,4790
0.36920556,0.8544186,0.80458385,0.90762967,0.8529551,4795
0.41506636,0.84172916,0.7837992,0.89870566,0.83717054,4800
0.40314266,0.8382187,0.7860057,0.8938134,0.83639747,4805
0.38750467,0.84691286,0.7986052,0.8971657,0.84487766,4810
0.34606954,0.8622584,0.81074136,0.9175162,0.8605962,4815
0.37583557,0.85499233,0.80558723,0.9050185,0.85224414,4820
0.37813923,0.8533037,0.7994397,0.90736455,0.849912,4825
0.36423242,0.85972494,0.8072572,0.9121514,0.8564675,4830
0.3521643,0.86694604,0.8162536,0.91964155,0.8648103,4835
0.35480794,0.8632434,0.8112413,0.91527766,0.86006707,4840
0.35627922,0.8612733,0.81088233,0.91239023,0.8585787,4845
0.41033876,0.8415604,0.78502494,0.8945134,0.8359699,4850
0.37755275,0.8514331,0.7984547,0.9060789,0.8488002,4855
0.40913853,0.84263176,0.7867821,0.89952326,0.8392732,4860
0.37063888,0.8580695,0.8045909,0.9106342,0.8540794,4865
0.41344932,0.83772945,0.78244907,0.89818054,0.8362227,4870
0.39831814,0.8487997,0.79910254,0.89752,0.84533364,4875
0.386716,0.84975654,0.7970953,0.9028613,0.8465325,4880
0.3392323,0.86618423,0.8166012,0.9147486,0.86280984,4885
0.41460422,0.83416605,0.7803115,0.89188814,0.83226466,4890
0.35949078,0.86443347,0.80964684,0.9156092,0.8592289,4895
0.40178618,0.8447942,0.7864144,0.9015649,0.83997816,4900
0.38334274,0.85098857,0.79839087,0.89990646,0.8458169,4905
0.38075975,0.8475601,0.7921106,0.90484667,0.84447783,4910
0.37982258,0.85164803,0.801346,0.9038145,0.84942794,4915
0.3832442,0.8526055,0.8013614,0.9045715,0.84969205,4920
0.35311237,0.8638583,0.8135088,0.9163812,0.8618374,4925
0.40210533,0.8421704,0.7863111,0.90134335,0.83972836,4930
0.347555,0.86583763,0.8170448,0.91461754,0.8630306,4935
0.37232852,0.86264557,0.8105034,0.9151384,0.8596272,4940
0.40265784,0.8439102,0.788939,0.9004726,0.84098506,4945
0.353646,0.86247,0.8125022,0.9146409,0.8605098,4950
0.3785425,0.85434103,0.80248874,0.9046273,0.85042137,4955
0.3576746,0.8607846,0.81374997,0.910214,0.8592165,4960
0.39963117,0.84371114,0.78889775,0.90566224,0.8431198,4965
0.38636932,0.85639364,0.80515313,0.9082577,0.853476,4970
0.3608704,0.8613486,0.8094438,0.9142425,0.8585531,4975
0.4077656,0.84452814,0.7855525,0.9010048,0.83926517,4980
0.39096227,0.8448965,0.7944498,0.8983714,0.8431762,4985
0.35039338,0.86343724,0.82015675,0.90823555,0.8618264,4990
0.39173093,0.8425365,0.79581827,0.8973985,0.8435268,4995
0.39664158,0.8470281,0.79672617,0.8983771,0.8444701,5000
0.38700745,0.84947604,0.80021197,0.9013257,0.8476849,5005
0.35498706,0.8661302,0.8170588,0.91264987,0.8621352,5010
0.33655238,0.8717906,0.82070255,0.91922945,0.8671128,5015
0.37305808,0.85453767,0.80837876,0.90565205,0.8540489,5020
0.3173297,0.8757155,0.8329349,0.9183629,0.87337905,5025
0.39097404,0.8424532,0.7921812,0.8958299,0.84078264,5030
0.39778578,0.8442189,0.80057174,0.89058757,0.8430992,5035
0.4379928,0.8175962,0.76445675,0.8761952,0.8164182,5040
0.37318525,0.84985256,0.8012371,0.9016811,0.8482712,5045
0.38805845,0.8472109,0.7997067,0.9015141,0.8474674,5050
0.40108266,0.8347145,0.7833154,0.8956991,0.83559054,5055
0.37743816,0.85113335,0.80382794,0.8989907,0.84866494,5060
0.39504108,0.84491014,0.787914,0.90558296,0.8426347,5065
0.3639327,0.85786796,0.81392765,0.90366673,0.85644174,5070
0.38525,0.8450096,0.79001904,0.9055694,0.84374577,5075
0.39406848,0.83939147,0.7866873,0.8959579,0.8377096,5080
0.380874,0.8493137,0.79873174,0.8990822,0.84590024,5085
0.39792034,0.84015507,0.7854476,0.8963671,0.8371895,5090
0.37210214,0.8507464,0.80493045,0.9010916,0.85015327,5095
0.39199647,0.84406567,0.7921243,0.89509535,0.8404279,5100
0.3818451,0.8475907,0.79685956,0.89987093,0.8451871,5105
0.40849885,0.84180117,0.7900862,0.8963046,0.83976716,5110
0.4108746,0.8349425,0.78276324,0.8919075,0.83374375,5115
0.3538328,0.852725,0.800973,0.9095599,0.8517415,5120
0.3962297,0.83465177,0.7825697,0.89282274,0.8340285,5125
0.39526224,0.84218264,0.7904585,0.8964942,0.84004253,5130
0.3730129,0.8490556,0.80391294,0.90148944,0.8498439,5135
0.39124262,0.8450659,0.7932308,0.8956459,0.8412859,5140
0.40658268,0.83915067,0.78673005,0.8962117,0.83784485,5145
0.38867605,0.8487358,0.79288787,0.90523815,0.84518737,5150
0.38412654,0.85167056,0.8003688,0.90395284,0.8489878,5155
0.3949066,0.8444416,0.79927284,0.89614147,0.8448687,5160
0.43142414,0.82784957,0.7734994,0.88456106,0.82524043,5165
0.4128213,0.840012,0.7824319,0.8969083,0.83560413,5170
0.37217346,0.85638124,0.8045185,0.90636224,0.85239077,5175
0.4089388,0.83768255,0.7872598,0.8926075,0.83648515,5180
0.37650633,0.8543945,0.7993832,0.9078369,0.849906,5185
0.42507336,0.8282787,0.7780555,0.8833967,0.8272688,5190
0.4127158,0.8319368,0.7748448,0.8890481,0.8279113,5195
0.38165402,0.8499966,0.7990322,0.9010027,0.84684366,5200
0.39639333,0.84770244,0.7902594,0.8986354,0.84090465,5205
0.33988714,0.86170334,0.8157485,0.91468215,0.862345,5210
0.34982368,0.8653529,0.8145196,0.9121976,0.86048675,5215
0.39607415,0.8421853,0.7922742,0.8905148,0.83847564,5220
0.35980645,0.85732526,0.8114717,0.9099682,0.8577881,5225
0.37476096,0.8507371,0.79786557,0.905726,0.84831077,5230
0.37770644,0.8507615,0.7990227,0.9050429,0.8487146,5235
0.38989627,0.8428591,0.7908457,0.90084577,0.8421002,5240
0.39697313,0.8450572,0.7935958,0.8975187,0.84233946,5245
0.3749726,0.8512637,0.80251855,0.90595365,0.85102946,5250
0.3993983,0.8424279,0.7879462,0.89714646,0.8389333,5255
0.370213,0.85322267,0.80642086,0.8991914,0.85025805,5260
0.3776202,0.84824324,0.8012102,0.9000676,0.84775233,5265
0.41642842,0.8300078,0.77563804,0.8939331,0.83035785,5270
0.400425,0.8380942,0.7921009,0.89539033,0.8405385,5275
0.39399418,0.84840345,0.7908363,0.9057886,0.8442752,5280
0.36205176,0.8565757,0.8075127,0.909014,0.85509515,5285
0.36935076,0.8509743,0.79836106,0.90551114,0.8484945,5290
0.38056156,0.8481169,0.79890734,0.89745045,0.8452723,5295
0.42484364,0.82817394,0.77854234,0.8843139,0.8279758,5300
0.398648,0.84607357,0.7952021,0.8993142,0.8440411,5305
0.34048858,0.8688504,0.82681847,0.9112945,0.8669875,5310
0.38410544,0.844909,0.7958622,0.89641714,0.84301275,5315
0.407171,0.8359086,0.7830903,0.8959461,0.8354838,5320
0.40580094,0.8400256,0.78621155,0.89815617,0.8384154,5325
0.41542712,0.8329262,0.7743478,0.8880804,0.82726336,5330
0.41451338,0.83190876,0.7769394,0.88971806,0.8294199,5335
0.3946043,0.8444097,0.79431933,0.89919144,0.84343964,5340
0.37861517,0.85099345,0.8042535,0.89993256,0.8492949,5345
0.40866733,0.84236497,0.792573,0.8883111,0.8376817,5350
0.4037138,0.8352189,0.77479917,0.8956263,0.8306777,5355
0.39561364,0.8391234,0.7877629,0.8949487,0.83785504,5360
0.38427523,0.8474619,0.7919387,0.9036202,0.8440302,5365
0.39010048,0.8484078,0.7898142,0.9029371,0.8424242,5370
0.34352973,0.865238,0.8147306,0.91656405,0.862564,5375
0.41368446,0.8328354,0.7780657,0.8947387,0.8322745,5380
0.40411648,0.83940166,0.783519,0.89789265,0.8367354,5385
0.40620813,0.8434091,0.7853196,0.9001722,0.83870816,5390
0.40182087,0.83698076,0.7836123,0.89298576,0.8346825,5395
0.4126408,0.83947474,0.78514344,0.89470124,0.83625245,5400
0.39854917,0.8443927,0.79385334,0.8961757,0.84184694,5405
0.41299602,0.8377091,0.7813802,0.8940532,0.8338799,5410
0.38781595,0.8430753,0.78507257,0.8980737,0.8376872,5415
0.3993801,0.839973,0.7913783,0.8937165,0.8392973,5420
0.3476297,0.8644213,0.8170745,0.91143584,0.86157465,5425
0.3852352,0.8489854,0.7942192,0.9015198,0.8443814,5430
0.3482457,0.86102295,0.8134391,0.9102738,0.85895324,5435
0.3708184,0.85118484,0.79725,0.90896744,0.8494086,5440
0.31125697,0.87470835,0.8396041,0.9178526,0.8769558,5445
0.42815843,0.8248609,0.7750965,0.8814351,0.82481414,5450
0.41020682,0.8342331,0.78649026,0.8888332,0.83448404,5455
0.34731618,0.8594397,0.81435066,0.91025233,0.85950536,5460
0.34571564,0.86005336,0.8192319,0.90931696,0.8619065,5465
0.40023425,0.83379656,0.77874017,0.898339,0.83415645,5470
0.380446,0.85142493,0.7997532,0.90143996,0.8475096,5475
0.34578764,0.8651791,0.8192095,0.9137146,0.8638582,5480
0.34925628,0.8607311,0.8151974,0.90963054,0.8597133,5485
0.32885885,0.87009364,0.8269105,0.91632897,0.8692692,5490
0.3905041,0.84475404,0.7985818,0.8974519,0.84491783,5495
0.36450633,0.85633546,0.808455,0.90937454,0.8558219,5500
0.35374466,0.8556531,0.8088818,0.90740424,0.855283,5505
0.31521234,0.8729243,0.83070546,0.9192489,0.8727,5510
0.36705086,0.85259646,0.80736667,0.9034114,0.8526456,5515
0.39518476,0.8398884,0.79517144,0.8943384,0.8417926,5520
0.40603778,0.83514243,0.7840139,0.8905833,0.83379704,5525
0.38166216,0.8503318,0.80066234,0.9001248,0.847425,5530
0.36912003,0.8530343,0.80444527,0.90210366,0.8503373,5535
0.40003863,0.83892566,0.7913391,0.89670795,0.84060436,5540
0.38634464,0.8445899,0.7949877,0.8995259,0.8440015,5545
0.35362387,0.8607927,0.81713367,0.912419,0.8621157,5550
0.39820513,0.8408131,0.7910997,0.89805895,0.841125,5555
0.4071418,0.8356228,0.7876401,0.89368826,0.8372646,5560
0.38075972,0.84957904,0.79399943,0.9031969,0.84501076,5565
0.39350832,0.84239244,0.79900336,0.8905017,0.8422428,5570
0.41461924,0.835336,0.7813141,0.89011616,0.832071,5575
0.36750373,0.8526055,0.80838037,0.9002745,0.8517795,5580
0.3940126,0.8413195,0.79216456,0.8956384,0.8406115,5585
0.37971923,0.8487266,0.79820794,0.9028473,0.8472015,5590
0.39196825,0.84461564,0.79793125,0.89915925,0.8454624,5595
0.3703675,0.85218316,0.7996392,0.9097295,0.8509911,5600
0.36391357,0.8542338,0.8090131,0.9050277,0.8542178,5605
0.3691554,0.85463476,0.80252457,0.90763664,0.85179585,5610
0.3838987,0.8450976,0.8043206,0.88948107,0.8446854,5615
0.35587433,0.8561983,0.81191176,0.9112911,0.8585339,5620
0.4152933,0.8346692,0.77994174,0.89022326,0.83129233,5625
0.3747543,0.85660964,0.8095627,0.90462714,0.8544025,5630
0.36648905,0.8560436,0.8063402,0.90778285,0.85402256,5635
0.37725818,0.85023165,0.80340385,0.90663457,0.8517852,5640
0.36680973,0.85373706,0.80900925,0.9042538,0.8539596,5645
0.4042816,0.83961195,0.7872813,0.89852065,0.83895683,5650
0.36270273,0.8558758,0.80918384,0.90464896,0.85416955,5655
0.36294505,0.8566126,0.81253403,0.90751415,0.8573334,5660
0.38955677,0.84798074,0.79731697,0.89732236,0.8441469,5665
0.3685646,0.8516231,0.8080132,0.90628004,0.8542597,5670
0.34044006,0.8647466,0.8234758,0.91258126,0.8657121,5675
0.39278492,0.8409386,0.7954938,0.89791816,0.8435321,5680
0.35402218,0.85631394,0.8126809,0.9086086,0.8579097,5685
0.3866305,0.8455124,0.7942744,0.8987036,0.84318656,5690
0.37157023,0.8494423,0.7989884,0.9056273,0.8488291,5695
0.38401064,0.8454866,0.7914873,0.9055522,0.8445294,5700
0.4067339,0.83707017,0.7898738,0.8931074,0.8382084,5705
0.38115835,0.849924,0.79635596,0.9042006,0.84679985,5710
0.37540582,0.85312796,0.80137235,0.9083476,0.8513646,5715
0.3478198,0.86538583,0.8198986,0.9109004,0.862886,5720
0.39398202,0.84371734,0.78942275,0.9042161,0.84275126,5725
0.38507852,0.8482888,0.8005786,0.9024976,0.848423,5730
0.39170897,0.84416604,0.7941992,0.9004771,0.84396505,5735
0.35198435,0.86089844,0.81484175,0.91058105,0.85998994,5740
0.33191618,0.86585003,0.8207584,0.9167392,0.86608523,5745
0.38664997,0.8467161,0.79634815,0.9040094,0.84661645,5750
0.3564919,0.8576084,0.810405,0.9127907,0.8585291,5755
0.3778429,0.84782916,0.8006327,0.90405196,0.8491351,5760
0.4036332,0.8393982,0.78783387,0.89450645,0.83746505,5765
0.38239086,0.8469296,0.79753906,0.9049391,0.8477927,5770
0.43053845,0.8247705,0.7760188,0.878726,0.82406884,5775
0.37617156,0.8468161,0.802232,0.90768075,0.8516128,5780
0.3314746,0.87113947,0.82304376,0.9193561,0.8685048,5785
0.38178277,0.84806365,0.7919252,0.9056094,0.8448612,5790
0.3814305,0.847939,0.8041587,0.8983767,0.8485827,5795
0.40219545,0.8403089,0.78911716,0.8934517,0.838046,5800
0.39199927,0.8458524,0.79075074,0.9006791,0.8421014,5805
0.37316748,0.8508105,0.7987092,0.9056124,0.848533,5810
0.38211632,0.8464248,0.801045,0.9019282,0.84847957,5815
0.40273467,0.84234333,0.7888911,0.8979752,0.8397462,5820
0.37453696,0.8429658,0.7926228,0.9007082,0.8430999,5825
0.4001168,0.8387129,0.79134923,0.8985217,0.8413456,5830
0.40659234,0.83622473,0.7853203,0.8931033,0.83553743,5835
0.35127744,0.85556954,0.81129366,0.9098251,0.8575096,5840
0.3889928,0.8434579,0.79437256,0.90080214,0.84420294,5845
0.36496887,0.8553125,0.8086495,0.9059709,0.8544009,5850
0.3461803,0.8625388,0.82450384,0.9083876,0.8641985,5855
0.3754586,0.84548235,0.7969809,0.90450746,0.8472453,5860
0.34454545,0.8626785,0.8119039,0.91632205,0.86084265,5865
0.36720228,0.85706645,0.80574864,0.90607995,0.85288286,5870
0.35439336,0.8632547,0.8145098,0.9119485,0.8604098,5875
0.3904501,0.84019184,0.7929409,0.8944645,0.8405221,5880
0.36364043,0.85397774,0.80345124,0.90814155,0.85253924,5885
0.3936669,0.84164506,0.7906131,0.900686,0.8419873,5890
0.39269862,0.8434467,0.7926464,0.8979537,0.8418947,5895
0.39981613,0.8463001,0.7875581,0.9056148,0.8424242,5900
0.34720325,0.86184645,0.81865925,0.9086785,0.8611085,5905
0.35892192,0.8588607,0.8097153,0.9110337,0.85732484,5910
0.36729705,0.8562415,0.81237453,0.90536475,0.85628587,5915
0.39440468,0.8405877,0.7901678,0.89479,0.83910036,5920
0.3814734,0.8557121,0.795222,0.9115688,0.84929985,5925
0.3409325,0.8677867,0.8136768,0.9216349,0.8641532,5930
0.41965958,0.8329535,0.77537006,0.8929675,0.82994574,5935
0.3634763,0.86060804,0.8086882,0.91436535,0.8581352,5940
0.37461308,0.8532291,0.80559546,0.90520763,0.8524103,5945
0.40165517,0.8400037,0.78246933,0.9013695,0.8375744,5950
0.35072863,0.860679,0.8118748,0.9142285,0.8598895,5955
0.39684293,0.84208316,0.7904663,0.8933858,0.838723,5960
0.3596097,0.8615237,0.80556625,0.9165158,0.857331,5965
0.3816649,0.8527196,0.7976062,0.90634435,0.8484277,5970
0.39967766,0.84331256,0.7900836,0.8951166,0.8392346,5975
0.39805946,0.83921456,0.7789011,0.897187,0.8337291,5980
0.39220884,0.8433992,0.7838557,0.90062165,0.83788425,5985
0.4168258,0.83492535,0.7755423,0.898772,0.83249754,5990
0.40338922,0.8367315,0.78530645,0.89215404,0.83524674,5995
0.38462603,0.84800607,0.79277974,0.9069614,0.84591967,6000
0.4116731,0.8388899,0.7827752,0.8965624,0.83569425,6005
0.4105095,0.8379447,0.7824164,0.8970344,0.8357415,6010
0.41875196,0.8404601,0.7853411,0.8955209,0.8367744,6015
0.3725768,0.8514599,0.8005691,0.90577847,0.84977865,6020
0.39158162,0.8467719,0.7939932,0.90355295,0.8452266,6025
0.3872207,0.8452282,0.7908563,0.89918214,0.84139013,6030
0.4036771,0.8403546,0.77995557,0.8981864,0.83464855,6035
0.34986863,0.8668665,0.81397516,0.9166444,0.8622334,6040
0.3872042,0.84335476,0.7873266,0.90176636,0.8405018,6045
0.40241838,0.8476278,0.7843838,0.9055062,0.8405971,6050
0.41030824,0.8404088,0.7862986,0.8961656,0.8374143,6055
0.42674473,0.8346021,0.77987593,0.89300126,0.8324723,6060
0.43040165,0.8298747,0.7654631,0.8948167,0.8249087,6065
0.42350635,0.83486646,0.779257,0.8933678,0.8323459,6070
0.4039831,0.84275323,0.7824876,0.9021278,0.83801794,6075
0.37132022,0.8542796,0.7999916,0.91054636,0.85159725,6080
0.4113214,0.83934736,0.77667975,0.8984075,0.83305615,6085
0.37257615,0.8565824,0.80595654,0.90604925,0.8530163,6090
0.41064206,0.8392303,0.78273743,0.8968937,0.8358564,6095
0.41297874,0.8353259,0.772301,0.8984659,0.83053374,6100
0.42465994,0.8330701,0.77171046,0.89801925,0.8299656,6105
0.35605875,0.86162966,0.80907756,0.91418266,0.8583459,6110
0.40466833,0.8433647,0.78413916,0.9031108,0.83931667,6115
0.41544008,0.8342934,0.77571297,0.8995113,0.832966,6120
0.42292443,0.8333388,0.77457094,0.8933,0.82957476,6125
0.4333423,0.8258767,0.7687158,0.8888981,0.82433105,6130
0.34169462,0.8675483,0.81746745,0.91877764,0.86513394,6135
0.42288247,0.83277816,0.77466345,0.8965333,0.8310633,6140
0.41958737,0.8399661,0.78337127,0.8999612,0.83746856,6145
0.42599356,0.82945126,0.7684806,0.8903148,0.8247406,6150
0.3675876,0.85672635,0.80327445,0.91509175,0.8554236,6155
0.3708872,0.857191,0.8010158,0.9097962,0.85177565,6160
0.4437017,0.83091325,0.7738659,0.8886788,0.82727224,6165
0.4278172,0.82985574,0.77219015,0.8892463,0.82656527,6170
0.41817603,0.833174,0.77825516,0.89181924,0.8311627,6175
0.39038062,0.84671974,0.7942443,0.90088993,0.8440762,6180
0.37520626,0.85247785,0.7988593,0.90729326,0.8495657,6185
0.38922808,0.8440673,0.7896259,0.8983641,0.840429,6190
0.3763343,0.8551963,0.79743654,0.9146526,0.85195047,6195
0.39822963,0.84167814,0.78116107,0.9039932,0.8379224,6200
0.37151912,0.85642606,0.80439997,0.9099106,0.8538696,6205
0.39815524,0.8417055,0.7865407,0.9019694,0.8401201,6210
0.4390781,0.8285939,0.7704062,0.8846082,0.82349473,6215
0.404076,0.84036046,0.7857817,0.9003294,0.8390989,6220
0.39157856,0.8486312,0.79300165,0.9060269,0.84562165,6225
0.37501085,0.8480323,0.7914745,0.90426826,0.8437969,6230
0.39054206,0.8496842,0.79617697,0.90416455,0.84672457,6235
0.4429113,0.8226004,0.7599595,0.8906154,0.8199444,6240
0.3953793,0.8408153,0.7867539,0.8980344,0.8386585,6245
0.40464094,0.84286785,0.78252286,0.90274006,0.83818865,6250
0.41068754,0.83640164,0.7777305,0.89586264,0.83251923,6255
0.37944886,0.8497968,0.79837364,0.9051461,0.84827965,6260
0.4255711,0.83599466,0.77572036,0.895456,0.83121663,6265
0.40703297,0.8382902,0.7808993,0.8974426,0.83502674,6270
0.3970479,0.84633446,0.7901166,0.9040656,0.84315866,6275
0.41620305,0.8369754,0.7773029,0.89457077,0.831755,6280
0.38400698,0.8532371,0.80226827,0.90632373,0.8510272,6285
0.37499484,0.8542822,0.7960439,0.9105756,0.8492715,6290
0.38445368,0.84943575,0.79381347,0.9089634,0.8473022,6295
0.39333987,0.84575886,0.7854151,0.90585536,0.8412072,6300
0.40255418,0.8480204,0.7900088,0.9045212,0.8433047,6305
0.42261502,0.8357506,0.7740193,0.8987534,0.8316782,6310
0.3791146,0.8515795,0.797771,0.906382,0.84853435,6315
0.42405608,0.83329964,0.77631044,0.8938293,0.8308533,6320
0.40376857,0.84740853,0.7911537,0.9054796,0.84441847,6325
0.3803812,0.84800214,0.7936805,0.9027719,0.8444428,6330
0.34543145,0.86941034,0.8146278,0.9230909,0.8653812,6335
0.4176624,0.84141874,0.77579325,0.89926475,0.83284545,6340
0.41977036,0.830071,0.7738774,0.8917292,0.82861185,6345
0.39657474,0.8468711,0.79289955,0.90251064,0.84407026,6350
0.4107709,0.83586496,0.7776365,0.8943799,0.8318214,6355
0.41205359,0.83759874,0.7819118,0.89547724,0.83473355,6360
0.36640167,0.8576131,0.80733013,0.90748924,0.8544443,6365
0.44281828,0.8264479,0.76188254,0.89165115,0.8214361,6370
0.3708593,0.85249406,0.8037742,0.9080425,0.85256976,6375
0.39674696,0.8416586,0.79060906,0.8992589,0.84138423,6380
0.43627167,0.8296368,0.7700405,0.8913567,0.82613283,6385
0.4081204,0.8441143,0.78590614,0.90383166,0.84070915,6390
0.41973916,0.83956003,0.78307843,0.89572996,0.8356026,6395
0.37523094,0.85658246,0.80339295,0.9106956,0.85360885,6400
0.3724434,0.85428524,0.80782944,0.907962,0.85489136,6405
0.36797902,0.8609759,0.8110511,0.9089076,0.85708827,6410
0.395151,0.8482359,0.7966059,0.90259475,0.84621865,6415
0.37563777,0.85161906,0.806232,0.9053338,0.85280746,6420
0.42678395,0.83014005,0.7715628,0.88863707,0.8258278,6425
0.3978884,0.8464663,0.7934494,0.9026692,0.84446496,6430
0.39616048,0.8509063,0.7876818,0.9042782,0.84183913,6435
0.3884237,0.8506093,0.7995923,0.9008765,0.84717387,6440
0.4245131,0.83624893,0.7787308,0.89411455,0.8322511,6445
0.37141618,0.8519699,0.8030524,0.90756226,0.8519458,6450
0.40951887,0.8402665,0.78381395,0.89990264,0.8376975,6455
0.3691946,0.85784984,0.8071597,0.91191405,0.85619956,6460
0.39183143,0.8462413,0.7935777,0.89939547,0.84314483,6465
0.3660674,0.86021423,0.80441,0.9102594,0.85394734,6470
0.38158545,0.85490555,0.8017548,0.90742254,0.8511779,6475
0.38164243,0.849848,0.7986927,0.90553087,0.84845924,6480
0.42676112,0.8376815,0.7798822,0.8954608,0.8335727,6485
0.35177138,0.8652317,0.8138793,0.91521686,0.8615008,6490
0.41403905,0.8433471,0.7903776,0.8966839,0.84009176,6495
0.3822941,0.85279316,0.80204755,0.90373784,0.8498137,6500
0.35101643,0.86661464,0.8124623,0.91889185,0.862298,6505
0.36909422,0.85403365,0.80404186,0.9102282,0.8537745,6510
0.40251353,0.84242344,0.79082984,0.8985812,0.8411186,6515
0.4078206,0.8445347,0.7867766,0.8994034,0.83913326,6520
0.42806533,0.8329966,0.77042073,0.8964731,0.8283927,6525
0.395695,0.84982324,0.7974453,0.8998458,0.8455339,6530
0.39054325,0.85054994,0.8014302,0.90015626,0.84791446,6535
0.4170803,0.836847,0.7812883,0.8917293,0.8328028,6540
0.39135244,0.8458603,0.792938,0.89817643,0.84211606,6545
0.3812817,0.8547406,0.80417305,0.907326,0.8524808,6550
0.43899354,0.8280599,0.7654779,0.88753325,0.82197,6555
0.42358813,0.8348271,0.7720855,0.89838094,0.83037406,6560
0.38949284,0.84758043,0.7914366,0.9045803,0.8441425,6565
0.3940462,0.8470438,0.79198164,0.89982295,0.8423552,6570
0.40228462,0.8457127,0.79019016,0.9003249,0.8415616,6575
0.41716412,0.8397741,0.77801085,0.89696145,0.8331828,6580
0.41636005,0.8363442,0.7805117,0.89553756,0.83391494,6585
0.38358572,0.8516445,0.8000758,0.9041319,0.8488264,6590
0.394985,0.8446215,0.79177284,0.8982869,0.8414933,6595
0.3927687,0.8484676,0.7932736,0.90277,0.844436,6600
0.4110538,0.8415294,0.790996,0.89762145,0.84086865,6605
0.39322618,0.8465355,0.79459715,0.89945626,0.8437066,6610
0.4161015,0.8381138,0.785563,0.8936014,0.8360546,6615
0.42306018,0.83881396,0.7844546,0.8935583,0.83539605,6620
0.3827009,0.8492148,0.7962306,0.90338236,0.84638256,6625
0.38234162,0.8497245,0.7978117,0.9016337,0.84647506,6630
0.3541987,0.8662772,0.81880856,0.91384673,0.8635114,6635
0.36987424,0.85501343,0.8062177,0.9079297,0.85397315,6640
0.3809246,0.8508871,0.7971921,0.9040751,0.8471597,6645
0.4112052,0.8401649,0.78661776,0.89559394,0.8375146,6650
0.4272504,0.82781714,0.7662001,0.8888559,0.8228185,6655
0.41260934,0.8390081,0.7816619,0.89904803,0.8360974,6660
0.401356,0.842174,0.7879057,0.90220433,0.84115624,6665
0.39745092,0.8456146,0.7901425,0.902608,0.84253436,6670
0.401294,0.84653884,0.7932031,0.8980126,0.8422682,6675
0.45051804,0.8247971,0.76539594,0.88560003,0.82079476,6680
0.41197422,0.83671045,0.78081447,0.89665204,0.8345895,6685
0.4097816,0.83874506,0.78795224,0.89389205,0.83738834,6690
0.39254692,0.84201765,0.78691643,0.90066075,0.839789,6695
0.39817736,0.84298587,0.7951525,0.8919351,0.8404898,6700
0.3919703,0.84636337,0.7920422,0.901326,0.84299463,6705
0.4005563,0.8407499,0.78439504,0.89839166,0.8374378,6710
0.42041945,0.83557796,0.77608824,0.8926642,0.8302224,6715
0.37492588,0.85500264,0.80352193,0.9026018,0.8501451,6720
0.4079207,0.8381966,0.78308994,0.89548427,0.8353351,6725
0.39311698,0.8466125,0.78933764,0.9017287,0.841522,6730
0.36979142,0.85841626,0.80762625,0.91182894,0.85651,6735
0.39258766,0.846399,0.7934675,0.9005888,0.8434562,6740
0.34605706,0.8713753,0.82713526,0.9166638,0.8695376,6745
0.41807544,0.83560705,0.7782519,0.8968013,0.833292,6750
0.40235806,0.8430586,0.7915118,0.89825445,0.8414735,6755
0.36362013,0.86085767,0.81129336,0.9110529,0.85812646,6760
0.41322565,0.83905655,0.7802561,0.8985281,0.83509254,6765
0.37230647,0.85411483,0.7979073,0.90736437,0.84909743,6770
0.39848718,0.84548646,0.79469776,0.9036526,0.84553176,6775
0.38488325,0.84647006,0.7903378,0.90401363,0.8432694,6780
0.42284653,0.83137417,0.7730691,0.8916824,0.8280198,6785
0.39743176,0.84630626,0.7845829,0.90542555,0.84058064,6790
0.42748395,0.8334913,0.7738618,0.8921135,0.82869476,6795
0.41124162,0.8371873,0.78677016,0.89042616,0.8352737,6800
0.3791201,0.8536019,0.79509157,0.9097747,0.8484258,6805
0.3785735,0.8542846,0.7998653,0.9070163,0.85003346,6810
0.40427342,0.8426911,0.795386,0.89578754,0.842586,6815
0.3748168,0.8513116,0.7968971,0.908317,0.84867626,6820
0.43303266,0.8331229,0.77476484,0.88906235,0.8279597,6825
0.39468464,0.8453823,0.79765683,0.8981288,0.84479284,6830
0.38270473,0.8478771,0.7941075,0.90263414,0.8448661,6835
0.41951552,0.83138007,0.77848977,0.8852238,0.8283375,6840
0.39425278,0.8463723,0.7957289,0.8990734,0.84417415,6845
0.4065864,0.8397772,0.7911823,0.8969137,0.8406535,6850
0.3978474,0.84040314,0.7924258,0.89855903,0.8419743,6855
0.38374305,0.8484704,0.80253315,0.90008444,0.8484106,6860
0.41980112,0.838124,0.78410673,0.8979223,0.83703876,6865
0.37111673,0.86137915,0.8161659,0.90565825,0.8585005,6870
0.39989606,0.8450839,0.79352766,0.8998392,0.84326833,6875
0.3961738,0.8466328,0.79383045,0.9010655,0.8439867,6880
0.38105845,0.851042,0.8012373,0.9040215,0.8495013,6885
0.37757853,0.8534339,0.8052869,0.8975809,0.848866,6890
0.36729622,0.85573345,0.8093059,0.9073786,0.8553529,6895
0.41658545,0.83566356,0.78393036,0.89024097,0.8336635,6900
0.39210308,0.8427916,0.7889411,0.9003238,0.8408907,6905
0.36421332,0.85651463,0.8066353,0.9065969,0.8536629,6910
0.37863076,0.85251707,0.8040261,0.9047968,0.8513686,6915
0.41692972,0.8359472,0.7834916,0.8916555,0.83397055,6920
0.3494815,0.8627801,0.81482095,0.9106457,0.8600226,6925
0.37907577,0.85287493,0.8083109,0.91059446,0.85631084,6930
0.3244637,0.87533206,0.8272602,0.9228924,0.87226963,6935
0.36816797,0.8579402,0.8111078,0.9060467,0.8559025,6940
0.42220354,0.83163303,0.7771552,0.88626695,0.828101,6945
0.4121801,0.8417487,0.78564686,0.8962291,0.8372383,6950
0.37722215,0.85362726,0.8059595,0.90707237,0.8533557,6955
0.38852438,0.8476582,0.79710215,0.90433234,0.8472905,6960
0.36147413,0.85864305,0.8077403,0.91384345,0.85734755,6965
0.3830197,0.84897095,0.79696935,0.9003727,0.84533644,6970
0.3937926,0.84425694,0.794498,0.90145403,0.84450525,6975
0.41595182,0.8340369,0.77635175,0.89640635,0.8319557,6980
0.34662315,0.8636125,0.81676435,0.91332453,0.8622427,6985
0.36709738,0.8534215,0.80351335,0.90558887,0.85139316,6990
0.38296464,0.8524289,0.80603075,0.9004604,0.85059834,6995
0.37303206,0.85331947,0.8026177,0.9053233,0.850576,7000
0.38226798,0.8497401,0.80112296,0.90259296,0.84866,7005
0.41838384,0.84046143,0.78590465,0.89927727,0.8386996,7010
0.3421749,0.86946505,0.82495564,0.9166662,0.8683415,7015
0.37856194,0.8519743,0.8035355,0.9066496,0.85195774,7020
0.38424015,0.85053366,0.8024276,0.8998615,0.8483031,7025
0.38851738,0.8488338,0.796978,0.89872,0.84466034,7030
0.44678366,0.82154673,0.76828223,0.8792624,0.8198505,7035
0.36858544,0.85426074,0.80600053,0.90918547,0.8543369,7040
0.3916112,0.84444314,0.79735726,0.8987306,0.8449816,7045
0.3911567,0.8496352,0.79486686,0.9010055,0.844507,7050
0.39222422,0.84407204,0.7929688,0.8951144,0.840895,7055
0.3596059,0.85931635,0.8121073,0.9094269,0.8579113,7060
0.37778708,0.8524201,0.7980499,0.9082322,0.8494466,7065
0.40121564,0.8418073,0.7876416,0.8956101,0.8380558,7070
0.42387044,0.83379704,0.7784572,0.8895683,0.8301494,7075
0.3820771,0.8504155,0.80696326,0.89853936,0.85001737,7080
0.37127486,0.85272604,0.8085416,0.9050403,0.8539893,7085
0.37959048,0.84873796,0.7978685,0.9034589,0.847297,7090
0.38138664,0.8494639,0.8007863,0.90313405,0.84882945,7095
0.38066277,0.8494094,0.7947565,0.90438205,0.84597427,7100
0.40121374,0.83920604,0.789272,0.88899255,0.8360812,7105
0.35822967,0.8602972,0.8075921,0.91335565,0.85704064,7110
0.37216827,0.8498106,0.8021527,0.9022019,0.8491648,7115
0.38659617,0.8469719,0.79683995,0.90020853,0.8452597,7120
0.42558935,0.8355035,0.7852357,0.8905015,0.834507,7125
0.37158158,0.8551171,0.8043156,0.9077144,0.8526431,7130
0.39982232,0.84718186,0.7952778,0.9015506,0.84486836,7135
0.40040937,0.8431401,0.79428273,0.8994971,0.84336185,7140
0.38422891,0.85555387,0.8111417,0.9041207,0.85503435,7145
0.38306364,0.8510942,0.79442185,0.9046926,0.8458614,7150
0.43292698,0.8266414,0.773619,0.88369775,0.82490677,7155
0.36985552,0.85086066,0.80408174,0.9048343,0.85129184,7160
0.36252913,0.86126834,0.81629246,0.90513545,0.8582881,7165
0.4027586,0.84089595,0.7850678,0.8994418,0.8382241,7170
0.36574984,0.86078674,0.80902916,0.9130587,0.8578078,7175
0.44405207,0.82317376,0.77040404,0.8777783,0.8204492,7180
0.38081405,0.8546484,0.800258,0.90858316,0.8508914,7185
0.35818234,0.86326265,0.80968815,0.91505486,0.85895985,7190
0.38585636,0.84767014,0.79492897,0.9041551,0.845983,7195
0.4042945,0.83716774,0.78951377,0.8922201,0.83755666,7200
0.40102538,0.8385196,0.7873836,0.89455,0.8374936,7205
0.35357544,0.8644571,0.8161517,0.9083918,0.8596981,7210
0.3690385,0.85604197,0.8012255,0.9130451,0.8533465,7215
0.33441877,0.87068796,0.8234277,0.9192988,0.86861926,7220
0.36939678,0.8557944,0.80681324,0.90307087,0.85194284,7225
0.40010342,0.8420456,0.7937241,0.89400643,0.8408099,7230
0.42300892,0.8347902,0.78419185,0.8909785,0.83410114,7235
0.35037157,0.86069083,0.8180261,0.90900356,0.8610458,7240
0.3523123,0.85887605,0.81236386,0.91107076,0.8587125,7245
0.3678423,0.85487634,0.8079047,0.9035916,0.8529934,7250
0.39753476,0.8407244,0.7813422,0.8988406,0.83592063,7255
0.40762535,0.8440601,0.7846549,0.90143913,0.83892876,7260
0.35668692,0.86092013,0.81890416,0.909652,0.86187387,7265
0.42337692,0.8341963,0.77886647,0.8906948,0.83090955,7270
0.3276292,0.87567705,0.8308682,0.9208296,0.87345743,7275
0.38329554,0.8458912,0.7939315,0.8944242,0.8409307,7280
0.391294,0.84752727,0.79326135,0.90312356,0.8445973,7285
0.33815005,0.8669875,0.82264215,0.913645,0.8656264,7290
0.39343962,0.84855705,0.7936723,0.9035694,0.8449692,7295
0.35102308,0.8639751,0.8184306,0.9128725,0.8629775,7300
0.39351586,0.8478295,0.796169,0.8977069,0.8437989,7305
0.39605537,0.84397286,0.7907793,0.89983374,0.84172505,7310
0.37456706,0.85117954,0.79897183,0.9038903,0.8480797,7315
0.38886186,0.8493673,0.79776055,0.9084623,0.8494734,7320
0.4099743,0.83726805,0.78696936,0.89156365,0.8359273,7325
0.43200207,0.829943,0.7770789,0.88636893,0.82799417,7330
0.39222422,0.8454407,0.79286957,0.9026212,0.8439078,7335
0.40679935,0.8412013,0.788997,0.89586145,0.83889085,7340
0.39161432,0.84891635,0.800549,0.9005886,0.84758663,7345
0.39484563,0.8457646,0.7969317,0.8992362,0.8449139,7350
0.42952642,0.831155,0.7740314,0.8897338,0.8277746,7355
0.41357133,0.8422733,0.78956264,0.9002979,0.8411816,7360
0.4222568,0.8269351,0.78090316,0.8845125,0.82940745,7365
0.40120697,0.8514522,0.8066418,0.89989305,0.8506839,7370
0.40596724,0.84089166,0.7877062,0.8990424,0.83943367,7375
0.42614487,0.8278232,0.7774181,0.8852319,0.8277149,7380
0.42234337,0.8375097,0.79429054,0.88890076,0.83882457,7385
0.37425593,0.85464257,0.80542135,0.90588355,0.8525495,7390
0.42718947,0.8329467,0.78140116,0.88841414,0.8313078,7395
0.4508297,0.82031316,0.76175684,0.882926,0.81780964,7400
0.39608356,0.8401993,0.78888446,0.8961567,0.83904415,7405
0.4164268,0.8344924,0.78470594,0.8902192,0.83403665,7410
0.47184673,0.8126219,0.74614173,0.8767784,0.8060767,7415
0.39043579,0.84871346,0.80233496,0.8977527,0.84731525,7420
0.3737963,0.851814,0.80306315,0.90572923,0.85125715,7425
0.3866388,0.84788656,0.80137104,0.89759856,0.84662837,7430
0.38500705,0.84609324,0.7979982,0.90103215,0.8463655,7435
0.44136775,0.82397383,0.76415247,0.8859795,0.8205037,7440
0.40112936,0.83995867,0.7892738,0.8927341,0.8376022,7445
0.42042908,0.8303016,0.7717759,0.8871209,0.825326,7450
0.44771996,0.821659,0.76097935,0.8872635,0.8191855,7455
0.3970584,0.84337693,0.7916239,0.89991665,0.84221697,7460
0.41283193,0.83945894,0.788302,0.89206773,0.83689374,7465
0.4064823,0.84151936,0.7883866,0.89772743,0.83941776,7470
0.41882458,0.84092444,0.79401135,0.88879484,0.83859617,7475
0.38873282,0.8448119,0.7931567,0.8966586,0.8416495,7480
0.41060433,0.83692294,0.7852779,0.89141446,0.8347742,7485
0.43928978,0.8225856,0.7606186,0.889867,0.8200662,7490
0.3781353,0.85174656,0.79870504,0.9055474,0.84866196,7495
0.42338657,0.82999665,0.78069454,0.8845046,0.8292896,7500
0.42353532,0.83223724,0.7825289,0.88722986,0.8314743,7505
0.45196593,0.8218114,0.76919776,0.8808391,0.82107395,7510
0.39551723,0.84447366,0.7911088,0.89770865,0.8409938,7515
0.39293456,0.8437841,0.79474264,0.8967273,0.842607,7520
0.365402,0.8545327,0.8075116,0.9062657,0.8539705,7525
0.4059954,0.8395532,0.7905176,0.89401406,0.8389742,7530
0.41840163,0.83640003,0.7823725,0.8955738,0.8350045,7535
0.4311539,0.8310725,0.77719617,0.88850445,0.8289965,7540
0.40832958,0.84035105,0.7878406,0.8962638,0.8384749,7545
0.44059658,0.8269786,0.777139,0.8850185,0.82744217,7550
0.40418646,0.83623,0.78391856,0.89347076,0.83491915,7555
0.42780387,0.83306605,0.7789426,0.89031786,0.8307841,7560
0.41953504,0.8300454,0.781202,0.8953598,0.8343231,7565
0.40169606,0.8478811,0.79485255,0.8987817,0.8435073,7570
0.42376235,0.82682675,0.77620983,0.88770485,0.8281541,7575
0.383957,0.85219795,0.80126953,0.9019001,0.84860545,7580
0.38490558,0.8540585,0.7995356,0.9067159,0.8496988,7585
0.44147524,0.8223741,0.7686078,0.879153,0.82010293,7590
0.43604648,0.83514243,0.78053695,0.89239925,0.8326841,7595
